"","DWpM","WWpM","PDW","BD"
"SL18-OI-4",0.0238584031863288,-0.252252330143959,0.136898782720108,16.3446662819256
"SL18-OI-5",-0.0533867662727407,-0.59507889575529,0.110122840328268,-18.1086391205391
"SL18-OI-6",0.137963742023172,0.765793677254202,0.293850275286826,-26.9871675127365
"SL18-OI-11",0.0217933758468924,0.484980625781505,-0.00805714311715325,-8.95727187056601
"SL18-OI-15",0.086242004427477,0.778289961057807,0.0356765756726747,18.9013212550206
"SL18-OI-16",-0.132312761892376,-1.233491596916,0.0748570710970116,-2.93671239276703
"SL18-OI-17",-0.0120362611613323,-0.140534052782096,0.00596508773880971,-20.0263894199062
"SL18-OI-18",-0.0208310401407912,-0.57358877698817,0.18402799119474,-38.5209112870817
"SL18-LD-1",-0.0430361612400191,-0.94005648861251,0.164477249989047,-22.2555697259678
"SL18-LD-3",0.00334178633503413,-0.198769382262036,0.0788491081695093,-8.76038973149218
"SL18-LD-4",0.000810356010468882,-0.254303017019221,0.0778787495005675,-11.7832276223501
"SL18-LD-5",-0.0293417615964523,-0.344899198042827,0.0272600593494409,-21.9125623257755
"SL18-LD-9",0.0122326132345574,-0.222982740817843,0.081902177345461,-27.9485183824778
"SL18-LD-10",0.0158042359357893,-0.0460012494437092,0.0603072373731558,2.47179965528572
"SL18-LD-13",-0.0517543260532573,-0.597060272160958,0.0832066209837613,8.21195050119934
"SL18-FW-2",0.0774388757733067,0.74937753584356,0.0127766212328729,13.2437897278202
"SL18-FI-1",0.0665347225793541,0.633497184841705,0.000924465597348701,12.6884062434403
"SL18-FI-2",0.0656387431707257,0.629376469994858,0.00137772431578653,11.7150174235665
"SL18-CC-1",0.0635356604637722,0.552705766569258,0.032431987514289,6.90355754883683
"SL18-CC-2",0.0320795140584349,0.767934636741459,-0.124575906441196,-8.14246148887281
"SL18-CC-3",0.242271187077419,2.61630419859178,-0.0156358288993833,12.5531430181375
"SL18-CC-4",0.00758411207010254,0.26457406243823,-0.0399814334772554,-5.60102223732011
"SL18-CC-5",0.00390496583032368,0.320122698619945,-0.113332180059386,-6.03395799536794
"SL18-CC-6",0.0457347342781999,0.429371573012918,-0.0485668388599315,-12.6409580451309
"SL18-CC-7",-0.0721392263598765,-0.570907163881703,-0.0661632286521519,10.3296080817724
"SL18-CC-8",-0.0352669927333542,-0.0960363450294806,-0.07696663440546,-0.641415932827891
"SL18-CC-9",-0.0333702611709824,-0.139447947989761,-0.0486485890426367,-1.31505367075013
"SL18-CC-12",0.216451078893038,2.45296453166851,-0.0455537492784785,42.3749309741851
"SL18-FW-14",0.0668662771035551,0.605343700483304,0.0195985421883943,8.32995925547723
"SL18-NC-2",0.0765752553332883,0.344839382903206,0.0248785292063302,47.0916937942419
"SL18-NC-1",-0.100092456302203,-0.849609141138302,-0.0436739082160218,-4.86428303559826
"SL18-NC-5",-0.135460368282553,-1.13892396851685,-0.104183061412879,-14.1465319911884
"SL18-JS-6",-0.0267686242062193,-0.412526264457982,0.263298423317482,-8.33080787617601
"SL18-JS-5",-0.101913823481863,-0.693395295332015,-0.202696451681617,-4.54164823416359
"SL18-JS-9",-0.160571771973168,-1.48427110291827,-0.0477762512751521,-11.8214187542974
"SL18-NC-8",-0.10613843206313,-0.894910649474104,0.00397552777842755,-18.1858875649541
"SL18-NC-10",-0.18756690960921,-1.57101527903487,-0.255843541562541,-10.0076218798412
"SL18-NC-9",-0.0379304432925665,-0.26796858976814,0.0456031120670367,2.86249031593061
"SL18-NC-12",-0.157939865484878,-1.40621984150638,-0.0327831676011301,-14.3339815773843
"SL18-NL-2",-0.123925246066836,-1.33278077225478,-0.0429958500519719,-16.1361503624878
"SL18-NL-3",-0.0759635333881889,-0.674125315035408,-0.0874846948395828,-12.1834691388466
"SL18-NL-5",-0.0290738447889627,-0.329596417689904,-0.029204310458196,-1.79529056995177
"SL18-NL-7",-0.0856919136036121,-0.884803486202323,0.0244581247202965,-26.8378032647271
"SL18-NL-6",-0.0101512270282674,0.134253836973426,-0.13113822566975,66.0977132893089
"SL18-NL-9",-0.0944672374426862,-0.738462242221275,-0.180156201078738,-7.97286438780189
"SL18-NL-10",-0.0541780576508441,-0.272724947875887,-0.0765860395000704,11.8767069935283
"SL18-JS-19",-0.111901687450263,-0.840874022567685,-0.041185662791986,-36.1821384449083
"SL18-JS-16",-0.180906218809247,-1.54726059407771,-0.0594880506468625,-25.9880518343122
"SL18-JS-11",-0.0999126026717463,-0.862626833054797,-0.104949614321931,1.42030934753273
"SL18-BL-10",0.061264676743696,0.65976977191751,0.00179068540502308,12.8275355910431
"SL18-BL-11",0.0685045442647476,0.623088623402886,0.01206258322259,12.3115509609582
"SL18-BL-12",0.0671741498698493,0.614942826351191,0.0275038524115955,10.303398956121
"SL18-BL-13",0.0711314458541438,0.706649061159559,0.00126880578923467,12.9361114509368
"SL18-BL-14",0.0681207460566266,0.628305949625704,0.0196462804937569,9.27523480849517
"SL18-BL-15",0.057246279702168,0.532830577968731,0.0153919725690547,10.6619611747244
"SL18-BL-16",0.0835138152163048,0.780141094472372,0.0451274912686472,8.76486712144802
"SL18-CC-10",0.0737952844547505,0.686406403718413,0.00230425832974587,-0.693098648412345
"SL18-CC-11",0.187544118448601,2.12234798231786,-0.0922854041019367,58.4314985124313
"SL18-SF-13",0.0665522194252471,0.245229682287951,0.120489950844945,4.87795399957586
"SL18-OI-2",-0.0394972231006726,-0.551610374859299,0.0834129278581896,-17.1983197743004
"SL18-OI-14",0.052891851221324,0.554165592967354,0.0635665041677697,-31.7132871403732
"SL18-PI-1",0.0266067285975075,0.343360562847926,-0.02349222930543,9.34882432759863
"SA18-CB-1",0.0461411144607109,0.378028206285512,-0.0058708602516316,7.63315720075984
"SA18-CB-3",0.108875785762536,1.13914109724908,-0.124991115271076,30.7961490685638
"SA18-CB-4",0.156059129289783,1.48731485376048,-0.0802263928035846,-8.98299498629619
"SA18-CB-7",0.28312695186463,2.57709011064371,0.0209698370946321,31.4125089249822
"SA18-CB-10",0.342570131495778,2.42667889102457,0.0393639187973269,30.0651779548119
"SL18-NC-11",-0.111080497127729,-1.0169904440442,-0.0306919271423011,-6.52720885369608
"SL18-TI-1",0.0224285879150504,0.238072865354158,0.00521979340549886,4.33224928969038
"SL18-TI-2",0.0145452646474893,0.153552958859597,0.0106736308240596,2.99263353362941
"SL18-TI-3",0.0371765582667257,0.377996442765482,0.0108831759174817,4.98802046839409
"SL18-TI-4",0.0407391230681671,0.491348259792411,-0.0103104256747267,7.95295306839367
"SL18-BL-17",0.0214086624298982,0.2216224525106,0.0123002044545617,8.42527121269807
"SL18-OD-3",-0.055562865331762,-0.485399803809144,0.00644511820255031,-19.906131063082
"SL18-OD-5",-0.0891677689975862,-0.746745254382252,-0.0436105268768931,-4.47380104182431
"SL18-OD-6",-0.0561091375378781,-0.667305064917954,0.0296555223431904,-0.782722758140478
"SL18-OD-10",0.0916514396601874,0.599809900463521,0.0330668196228066,-5.59538141577937
"SA18-CB-2",0.0903867897651483,0.827282329963404,-0.0117599918293387,7.47398304826043
"SL18-NC-15",-0.139469358970131,-1.22707044395442,-0.0463369026224295,37.8512097656386
"SL18-BL-18",0.0228890966658181,0.28661105351845,-0.00603073879677675,6.24755756793365
"SL18-FW-21",0.0368394356720392,0.401828974833446,-0.000821303022997752,9.02804164356492
"SL18-SF-17",0.0339180649393972,0.386176607578714,0.0138662887704041,-9.4570989438135
"SL18-LL-9",-0.0507962231966667,-0.59657608601833,-0.0112653371216752,-6.25114039235396
"SL18-LD-2",-0.0933552514714948,-1.47598537925325,0.291670094766924,-51.2135384482447
"SL18-FW-12",0.0226271034684425,0.321924634102644,-0.0214251601320039,2.9606598512856
"SL18-SF-19",-0.00897960557523349,-0.0308585745097854,0.159672769359553,33.7956971863158
"SA18-CB-5",0.0351343822692694,0.350582559490468,0.00187313123882527,-14.3707732848947
"SL18-SF-15",0.0231258811902461,0.359732818703261,-0.0190167834302895,20.1567172959182
"SL18-SF-18",-0.01557838171455,-0.270119612104102,0.0681350223971617,-3.66162089430657
"SA18-CB-9",0.0840595217773116,0.645812291450044,0.000966980196734816,12.6542694052997
"SL18-OI-7",0.105650322677418,0.927699824283602,-0.0434141424391446,33.1362796055828
"SL18-OI-9",-0.0131958764616328,-0.28228689665885,0.0674148176797635,9.21728876397718
"SL18-TI-5",0.033088249897832,0.328030811565273,0.00218139393016382,1.94545762614689
"SL18-CB-2",0.0000000000000000327867600877738,0.000000000000000581631845967396,-0.000000000000000313289691774775,0.0000000000000479638890727722
"SL18-CB-3",0.00000000000000015587281960816,0.000000000000000814171555025305,0.000000000000000113297182163191,-0.0000000000000274707654912927
"SL18-CB-4",0.0000000000000000951571522052456,0.00000000000000116933011539361,0.0000000000000000442745815109553,0.0000000000000278710371355235
"SL18-CB-7",0.000000000000000348721099067307,0.00000000000000449601372041324,-0.000000000000000192054323411779,0.0000000000000665500662628763
"SL18-TI-6",0.000000000000000172302054666153,0.00000000000000180241810340992,-0.00000000000000000597781607400891,0.0000000000000442336530914993
"SL18-OD-1",-0.000000000000000122394449815457,-0.00000000000000158438102426656,0.0000000000000000667200364156156,-0.0000000000000164676167602857
"SL18-OD-4",0.000000000000000344771019259882,0.00000000000000341444278274781,0.000000000000000127289474336408,-0.0000000000000205506784045489
"SL19-LR-5",-0.00000000000000024252250584872,-0.00000000000000202372778637082,-0.000000000000000186837975764422,0.0000000000000438434614846967
"SL19-LR-2",0.000000000000000212636495331156,0.00000000000000203042113335232,-0.0000000000000000898970106619577,0.000000000000191085539713899
"SL18-DB-6",0.0000000000000000278610703303491,0.000000000000000317609659179796,-0.0000000000000000654573172299817,-0.00000000000000311166440778725
"SL18-CB-10",0.0000000000000000136810918528022,-0.000000000000000321400967876629,0.0000000000000000509629774120942,-0.0000000000000432733005460115
"SA18-CB-10-FG1",0.174926943396826,1.49828161627712,-0.0105183710458228,22.6394968656918
"SL18-LD-10-FG1",0.0138693227478394,0.0476449690142616,0.00307172825867067,2.29162475434537
"SL18-NL-6-FG1",0.0593792468331968,0.875508575370792,-0.111488372879654,93.1444496742902
"SL18-LD-10-FG2",-0.0114068329602306,-0.230862097339438,0.048838243868523,1.81574125216506
"SL18-NL-9-FG2",-0.03251342544631,-0.0643218817016032,-0.129189321081548,27.6854925542559
"SL18-OI-15-FG1",0.0258309639108195,0.406707273748238,-0.0304206025947699,19.3426160268263
"SL18-OI-16-FG3",-0.0507866886390405,-0.423713904896728,0.00781692498663116,5.63657282971558
"SL18-LD-13-FG2",-0.0608517778993957,-0.517337558390338,0.0388869808098543,-0.577872477570049
"SL18-OI-17-FG1",0.0204588545007785,0.429540654392604,-0.026136958421362,2.93081150104606
"SL18-OI-18-FG1",0.009635625981856,0.0480147052028548,0.0279964104703151,-4.09910640748496
"SL18-OI-18-FG2",-0.013396868908817,-0.338650848487098,0.0932882747657519,-26.5090053384426
"SL18-OI-2-FG2",-0.00694368778672061,-0.186082561310605,0.0540104918297716,-26.2370919187562
"SL18-LD-1-FG1",-0.0346853857216479,-0.601542258156934,0.0692349288120907,-2.96668347258502
"SL18-OI-2-FG3",-0.0100377418198851,-0.193414557182524,0.0300591501320314,-9.0819900275367
"SL18-OI-6-FG1",0.0215880332398664,0.0559170101314926,0.0915048348163053,-43.285682890494
"SL18-OI-9-FG1",-0.00921591270361288,-0.157025381030414,0.0131623657460238,7.17484699201501
"SL18-SF-13-FG1",-0.0261324199553752,-0.442116450297622,0.103100744927728,-16.8706828133257
"SL18-LD-1-FG2",0.0128343398572861,0.0625655176879868,-0.00274349226512097,12.9372494411269
"SA18-CB-4-FG3",0.0780214583649305,0.734610603111098,-0.0440282480940849,-16.8504198890643
"SL18-LD-2-FG2",-0.0460692995842171,-0.813782778678913,0.208877941313517,-40.2687709780565
"SL18-LD-3-FG1",-0.0155377408761204,-0.32051989348914,0.07826707834242,-24.0507171180904
"SL18-LD-3-FG2",0.0129172948812176,0.153037175716167,-0.035908424953408,14.5665114663677
"SL18-LD-4-FG3",0.00748211455922718,0.000253353825612401,0.00687733572542789,-4.00319300931077
"SA18-CB-7-FG1",0.174607723104919,1.67051930722811,0.00840883404818239,18.1487293106409
"SL18-LD-9-FG2",0.00279228361404851,-0.210473382817123,0.0582813521104232,-35.416199527626
"SL18-LD-9-FG3",0.0164988252275856,0.0309042760794211,0.0149571545276247,-4.76655309299624
"SL18-LL-9-FG3",-0.0529216087081129,-0.587979140229527,-0.0883748687708496,-6.21895833759114
"SL18-NL-10-FG1",-0.0277644893601029,0.197360208887188,-0.0932449052907037,32.7179772671938
"SL18-NL-2-FG1",-0.00512114511690464,-0.163169805562664,-0.00449568701138132,8.03672450861346
"SL18-NL-2-FG3",-0.0774296107808457,-0.81951383397937,-0.0326623146463036,-32.1260876779336
"SL18-NL-3-FG1",-0.0770857729477639,-0.683459722861354,-0.0678229597608916,-15.3315474396985
"SL18-NL-3-FG3",-0.0185869057748473,-0.166749674340979,-0.0434064040943364,-7.75669691631045
"SL18-OI-11-FG3",0.0429057172696838,0.631003024713897,-0.0844789073165558,-4.98532418142163
"SL18-JS-16-FG3",-0.113994107522581,-0.911160367474058,-0.0640206810376008,-18.8483998983374
"SL18-CC-1-FG2",0.0731670685393831,0.623822140749891,0.0173064450353379,-1.43517772163916
"SL18-CC-5-FG2",0.0305294224591645,0.415162551669442,-0.0534204037659273,8.25269307021671
"SL18-CC-5-FG3",0.00709042915029015,0.383935695071608,-0.129246280060619,-10.7197739093406
"SL18-JS-16-FG1",-0.137673928551262,-1.1179377738745,-0.0407609256049054,-12.4900700136028
"SL18-NC-12-FG2",-0.135608774428131,-1.21407259302761,-0.0180087956186505,-6.17020721532721
"SL18-OD-5-FG1",-0.0784821939641856,-0.668623400995605,-0.034347444677427,-3.51422396348809
"SA18-CB-9-FG1",0.0840595197332083,0.645812445969643,0.00096703930027898,12.6542567432498
"SL18-CC-5-FG1",-0.0531360038521938,-0.319863251711076,-0.0759404349653378,-9.45832274149467
"SL18-CC-12-FG3",0.0957535996401192,1.24034300122035,-0.0316655480480875,21.379930869571
"SL18-SF-17-FG2",0.0493269617591294,0.546445800419683,-0.0178915515908678,4.64691138535905
"SL18-JS-5-FG1",-0.132409370809606,-0.952754697121143,-0.180197547715378,-9.90543452368587
"SA18-CB-2-FG3",0.0857694866443935,0.872255170380044,-0.0232262695848113,13.2171322225573
"SL18-CC-3-FG1",0.144877597899526,1.56437166973115,-0.0057104703934887,3.33773463985737
"SL18-NC-10-FG1",-0.143538285021361,-1.28428030942583,-0.106445121082396,-11.1130363370878
"SL18-OI-17-FG4",0.0603361823333376,0.619127013471243,-0.0335370636119772,-1.20557019672572
"SL18-CC-3-FG2",0.213670673206668,2.2867446643767,-0.022437648382014,23.0445257563263
"SL18-CC-1-FG1",-0.00696169848468867,-0.0409069039046382,0.0106162725620107,25.9761628172854
"SL18-OI-6-FG2",0.202631012090776,1.41074163484504,0.159898289246026,-3.25054132193547
"SL18-CC-12-FG2",0.230029894826723,2.48842423133632,-0.0410579564108027,43.5709703323507
"SL18-NC-10-FG3",-0.125504904166927,-0.963254794611705,-0.24998239653724,-9.79982188918174
"SL18-CC-8-FG1",-0.0976637157144551,-0.697436369748473,-0.0618513278020117,-13.5510997967494
"SL18-NC-5-FG2",-0.0963426564369162,-0.774980786922852,-0.0709583608937522,-11.4440005348198
"SL18-CC-6-FG3",-0.0736524180876544,-0.587264018058513,-0.0447745353632656,-14.8464837880488
"SL18-NL-7-FG4",-0.0536027395435604,-0.477686289512553,-0.000890662368635551,-12.9936995193098
"SL18-CC-3-FG3",0.158484530629823,1.78621554858267,-0.0154603531963059,8.04769880756493
"SL18-JS-19-FG3",-0.108262280017808,-0.840881048846769,-0.0512327142682226,-29.8137480039038
"SL18-NC-15-FG3",-0.100485323824669,-0.836188933403576,-0.0514682398638123,6.5508062775517
"SL18-LL-9-FG2",-0.0389695503399601,-0.27416753141634,-0.0487168568064964,2.4611062495326
"SA18-CB-4-FG6",0.192045539294579,1.68661534723239,-0.0274321355668607,14.2554459690119
"SL18-JS-9-FG3",-0.0969581580422,-0.899838340413281,-0.0406897978820182,1.03529118216924
"SL18-SF-13-FG2",0.118649989365526,0.839853039343383,0.0167533941957576,10.6470185375548
"SL18-JS-19-FG2",-0.0942469411311089,-0.706283564995362,-0.0192918724372837,-31.6242878513261
"SL18-NL-5-FG1",-0.00580692090985222,-0.0606384679284468,-0.0185000856991694,0.395538285375614
"SL18-NC-8-FG1",-0.051637420557425,-0.407393382121765,0.0260700180262769,-9.7493521447455
"SL18-SF-19-MG2",0.017155372004455,0.420916874896742,0.0443271428680145,34.1022843670363
"SL18-OI-4-MG1",-0.041681760271239,-0.625797385976707,0.102554684459895,-9.7606535102488
"SL18-OI-11-MG2",-0.00219161386476132,-0.0770565114846222,-0.0209813548414904,-8.58743206422789
"SL18-OI-14-MG2",0.0293456086064061,0.295667429479938,0.0683703503946176,-25.4319959945681
"SL18-OI-15-MG1",0.0302613723009292,0.313729855961761,-0.0118271048572969,10.1942764450146
"SL18-OI-16-MG1",-0.0902469871591551,-0.756038983753527,0.0317175918058605,6.83797331427376
"SL18-SF-17-MG1",0.0182542086690259,0.0636018345617595,0.0494798924456367,-23.8867305403857
"SA18-CB-7-MG2",0.167954240227036,1.35025164648276,-0.00324476299311809,40.8376688191032
"SL18-NL-3-MG2",-0.0629926880778491,-0.699150077033147,-0.0156898861030946,-17.6206266321528
"SA18-CB-7-MG1",0.145255260325081,1.42410857353365,0.0078673622095597,12.2878017849936
"SL18-SF-19-MG1",-0.0306241119713601,-0.46719853510643,0.195182080147208,16.5914560886073
"SL18-SF-15-MG2",0.0116738888637432,0.221971905914869,-0.0127466920167712,9.85319478406401
"SA18-CB-2-MG3",0.0557136926560781,0.46277215938022,0.0165486932062427,-10.604338560539
"SL18-NL-5-MG1",-0.023268518608334,-0.281612314025749,-0.00600187024669908,-10.062671542583
"SL18-SF-15-MG1",0.0230160867093117,0.317639198804412,-0.0157785422333036,20.3821215847917
"SA18-CB-4-MG3",0.0386987433218591,0.71437667127492,-0.0759430843885984,-13.6336000779191
"SA18-CB-5-MG3",-0.00806721773583632,-0.129697661807395,0.034192686409236,-24.344131790393
"SL18-LD-13-MG2",-0.0386252624940279,-0.453555645615667,0.0589139681160933,19.1047475827559
"SL18-LD-3-MG2",-0.00590878082030949,-0.19564887454777,0.05558787534515,-3.52153814076049
"SL18-NL-6-MG1",-0.0164823318932068,-0.0859360704366874,-0.0633223377773433,16.066424647389
"SL18-SF-17-MG2",0.0206956837665866,0.368422806787687,-0.00833405957250539,6.84130238799545
"SL18-OI-9-MG3",0.00938070197918976,0.00646711157672152,0.0533502942540944,8.11168320608315
"SL18-LD-9-MG1",0.00186728736042794,-0.262514838045521,0.0934761826818738,-25.7790520101198
"SL18-NL-2-MG2",-0.0684021336612077,-0.761381605310594,-0.0283980884585347,0.0436662633735963
"SL18-LD-2-MG3",-0.0538078043472657,-0.851182954573493,0.155506989113289,-31.3385245758263
"SL18-OI-7-MG1",0.0432948228385763,0.376329899860526,-0.0345704557918524,40.0455255271863
"SL18-LD-2-MG1",-0.0487620731101088,-0.905578936822699,0.182466077518891,-25.8569426902882
"SA18-CB-1-MG2",0.0329312739053731,0.368242144930185,-0.0330138992252478,19.3238373008263
"SL18-NL-9-MG1",-0.0750752276277474,-0.734290486105997,-0.147969128240113,-30.082186697862
"SA18-CB-2-MG1",0.0361277360093185,0.313860290018179,-0.00433205849016158,10.3381327792218
"SA18-CB-4-MG1",0.0267224312213829,0.298576282190858,-0.074815531473132,-12.7431693057221
"SL18-OI-18-MG1",0.000692414615832377,-0.293901357490027,0.14578865187877,-25.9404632946692
"SL18-LL-9-MG3",0.0382618740400279,0.0991480638520324,0.0910100372214796,-25.0076195974755
"SA18-CB-10-MG1",0.133753104654232,0.812221921911862,0.00841560054316841,1.55754220402588
"SA18-CB-3-MG3",0.102419185698386,1.12164406729612,-0.0991821442830683,38.8060825310295
"SL18-NL-10-MG2",-0.0498866577377624,-0.400172068569237,-0.0209737900720319,0.0308345712832136
"SL18-NL-2-MG3",-0.0534621444101689,-0.561656168311148,-0.0157449074177767,-11.0211412830291
"SL18-SF-13-MG3",-0.0242035822093926,-0.491243540916286,0.1327299291112,-6.73294767870312
"SL18-OI-6-MG2",0.0612146224719662,0.348860503053738,0.160759034857791,-12.2913592551143
"SL18-OI-15-MG2",0.127085102846742,1.11557959995374,0.0204567700631678,13.7886243494825
"SL18-SF-17-MG3",0.00946714908441668,0.05984536957695,0.0298667433416798,-14.4692810803792
"SL18-NL-7-MG1",-0.0622866834380275,-0.682170907434147,0.0216010964021265,-29.8332582895635
"SL18-SF-13-MG1",0.0626467056521333,0.381691576773253,0.045221754601059,13.5052381857558
"SA18-CB-2-MG2",0.0483566473930811,0.419323205395024,-0.0183898693269731,5.73411596229275
"SL18-NL-2-MG1",-0.128834379738126,-1.35237529574879,0.00430230386561573,-11.8026907201331
"SL18-CC-1-MG3",0.0704497023770066,0.593885756970376,0.0193579182533208,-2.64756464735353
"SL18-NC-10-MG3",-0.0927528435871675,-0.768302306167117,-0.159975645204166,-6.70226873836009
"SA18-CB-7-MG3",0.203899682166795,1.84000409304706,0.0424860692866861,12.2044933954156
"SL18-OI-14-MG1",0.0499930721221734,0.535589807251168,0.026979616906804,-22.1378423014853
"SL18-CC-3-MG1",0.0924884218955678,1.00693939780696,-0.0114002264536502,-2.23905238475853
"SL18-CC-4-MG11",-0.0212220922158046,-0.0673018284460255,-0.0268410877021001,-9.96621416202763
"SL18-JS-5-MG3",-0.0172965827108776,-0.134123850401349,-0.0809049256987664,-3.73137431259701
"SL18-JS-9-MG1",-0.0927195670642506,-0.906292085200254,-0.0112247329534238,-13.3732005638045
"SL18-NC-1-MG1",-0.075874842603367,-0.615627594836871,-0.034319236415912,-6.83223593752556
"SA18-CB-1-MG12",0.00383743531078458,-0.0425123770020865,-0.00345646162119942,-3.99216943193976
"SL18-JS-5-MG2",-0.0623820726317559,-0.458670201537203,-0.145864492713844,0.603258876285237
"SA18-CB-10-MG3",0.197570151468214,1.33407969788125,0.0328577769461648,15.2196580661877
"SL18-JS-6-MG3",0.0428402336224295,0.165829177865704,0.142426558570456,-3.68790843337257
"SL18-LD-2-MG2",-0.0854210384053058,-1.22526100710666,0.221467291630055,-29.0189626664686
"SL18-JS-6-MG2",0.0390839402568276,0.333033901062368,0.125968313658213,0.322069775198381
"SL18-OI-2-MG2",-0.0620110646740354,-0.723703400509445,0.0827561504395014,0.922833342058055
"SL18-JS-19-MG2",-0.0821822789987452,-0.625942169385404,-0.0296209147489558,-18.6263046217734
"SL18-OD-6-MG2",-0.0649366179881073,-0.721351962379755,0.0253884511731787,-2.43013459631415
"SL18-NC-15-MG1",-0.0725869244614364,-0.586947212690096,-0.0314114108325209,24.5700167108777
"SA18-CB-4-MG2",0.132690877893239,1.02778197321591,-0.0184600999990227,2.02316201244393
"SL18-OD-6-MG1",-0.0266381398137347,-0.336973985390433,0.00795865336524137,4.51057331932911
"SA18-CB-1-MG13",0.0655368529266317,0.557377258603137,0.0187040593173502,3.88158648410436
"SL18-OI-4-MG3",-0.0383768338175618,-0.566246589594942,0.079022571497289,6.01767804667452
"SL18-NL-5-MG2",-0.0282962519214967,-0.26936632636056,-0.0329929073824764,3.25798426931221
"SL18-NC-9-MG2",-0.0038979295889278,0.117224568270028,0.0201373319702673,7.40993041836593
"SL18-OI-11-MG4",-0.044965479375791,-0.473655713755571,0.0709877862364323,-19.705410880478
"SL18-NC-2-MG1",0.14193468563409,0.6382990079039,0.0714081702457896,49.9326401419283
"SL18-JS-11-MG3",-0.0553031347290177,-0.456263771545177,-0.0896925564373347,-1.11882029474257
"SL18-JS-9-MG2",-0.119728186335792,-1.07484457143688,-0.0162201121316847,-13.3069242638243
"SL18-JS-19-MG1",0.0184132206965601,0.239083007982303,0.00585938623507775,-9.53784353369457
"SL18-OD-3-MG1",-0.0426428871506897,-0.342417640573478,0.00706447885298949,-17.5098515027832
"SA18-CB-3-MG1",0.0757546563746573,0.688698698659421,-0.00844905253254511,7.75378215081177
"SL18-OD-6-MG3",-0.0206410588051275,-0.276259908248266,0.025964035090305,-3.64536586142122
"SA18-CB-3-MG2",0.0395807510754575,0.467968983237041,-0.142350555031829,15.0329054384475
"SL18-NC-12-MG1",-0.0775926582919461,-0.667063460432497,-0.0150767397577177,-5.95565867383099
"SL18-JS-11-MG2",-0.0878074634051609,-0.763629108250247,-0.0665267357506761,0.719971833984789
"SL18-CC-6-MG2",0.0321862883506499,0.279944503378644,-0.000749570330465777,-10.8216700262898
"SL18-OI-17-MG1",-0.0310200350507777,-0.281233598836993,0.0123693189599186,-11.690308630658
"SL18-CC-7-MG1",-0.0792245436239437,-0.640771816176226,-0.0618803104655468,13.4585901481812
"SL18-JS-6-MG1",-0.0569503397015123,-0.671513397650324,0.314374230015495,-10.515721983972
"SL18-LD-13-MG3",-0.0364996963539194,-0.421762566809046,0.046851690676287,-1.24330760776837
"SL18-OI-16-MG2",-0.0783086525866318,-0.770632344216711,0.0624985685828588,1.51348403920929
"SL18-LL-9-MG4",0.00417595888575001,-0.0713112755966471,-0.00682896436621452,17.8430124267091
"SL18-NL-7-MG2",-0.0492323802833926,-0.525446668842621,0.0520749446226073,-16.6184920734319
"SL18-NC-11-MG2",-0.0794772111306795,-0.788735044498254,-0.0157389980401571,-1.52706160348853
"SL18-LD-1-MG1",-0.0285498439144674,-0.57063128075728,0.132357687623096,-24.7825913985753
"SL18-OI-11-FG1",0.0138284739281569,0.339276893660497,-0.0347453315914681,1.08614957736618
"SL18-OI-17-FG2",-0.0208675980612339,-0.259937315876663,-0.00928556570227883,-23.7345827595466
"SL18-OI-18-FG3",-0.0119085390764069,-0.296990446172862,0.0957003093450827,-31.4982612440521
"SL18-OI-18-FG5",-0.0194471328959542,-0.526312877028746,0.154423368854644,-28.0876849677898
"SL18-OI-18-FG6",-0.00992273671914051,-0.242193110199594,0.0821586144728521,-15.8125135731631
"SL18-OI-7-FG3",0.0377368343487377,0.290973053232104,-0.0147324052105871,14.660864970869
"SL18-SF-17-FG1",0.0109977011800885,0.108381350489643,0.0141281675449767,-14.0496868405325
"SL18-SF-17-FG3",0.00997063642951156,0.20491210818915,-0.0187169662180168,7.81736497187276
"SA18-CB-10-FG2",0.165412441980794,1.18699523148853,0.0235014920483909,14.580437008829
"SL18-LD-1-FG3",-0.0305855389271986,-0.684268628547268,0.122093441564303,-13.1879171914682
"SL18-LD-4-FG1",-0.00714055057106322,-0.190818316862547,0.025041753824351,0.916712901948462
"SL18-LD-4-FG2",-0.00725250825270431,-0.21050652958449,0.0634861913865817,-11.757695447648
"SL18-LD-5-FG1",-0.0239530614174372,-0.264680413353933,0.0194247006451784,-19.9919111937868
"SL18-NL-10-FG3",-0.0307879056728774,-0.249173801203233,-0.0251629716242543,-4.59856534023014
"SL18-NL-3-FG2",-0.0188092438633922,0.00780839927850575,-0.063016144813915,11.4339433896223
"SL18-OI-5-FG5",-0.0538052971106403,-0.547528778859658,0.0796826103459263,-11.3463851234711
"SL18-NC-11-FG1",-0.0764693286672149,-0.655391477092846,-0.016703885149385,-7.32962013306401
"SL18-CC-11-FG3",0.153717948286917,1.71146832287886,-0.0675162160952148,53.7404899031549
"SL18-CC-1-FG3",0.00933943116017963,0.0846092606188564,0.0245714172015242,2.10185802591582
"SL18-OD-5-FG3",-0.050371872974409,-0.429369657960065,-0.0184352786691623,-2.71707932196799
"SL18-LL-9-FG6",-0.066820731379496,-0.61194487933718,-0.0188529689217572,1.0713849119742
"SL18-OI-15-FG2",0.0464195114191896,0.397813557589267,0.0292908649037171,11.4411793258638
"SA18-CB-5-FG4",0.0131268454823405,0.103766717370044,0.0130839139030923,-11.6400097160914
"SL18-OI-4-FG2",0.0991270178611593,0.453463354800638,0.0961135316030768,35.4874787134631
"SL18-CC-8-FG2",0.0285959927875101,0.372505429048627,-0.0570602993111644,6.85340099442334
"SL18-OI-6-FG3",0.0615482529181116,0.191867899850511,0.296474190512683,-9.05814623919304
"SL18-CC-9-FG3",-0.0310006029745506,-0.173765130991248,-0.0223692309018527,-3.04611022360785
"SL18-NC-9-FG2",-0.0305358941819883,-0.240360691698368,0.035700077148132,1.80525309475473
"SL18-LD-9-FG4",0.00641221288779348,-0.0806008614775527,0.0301391907895987,-5.4012419770196
"SL18-OI-9-FG4",-0.00412811492014737,-0.22227265078707,0.0599618509707611,4.49796929941956
"SL18-CC-6-FG2",0.0697530871888543,0.635058092166593,-0.0495819501737962,0.518646272082389
"SL18-NC-1-FG1",-0.069152913005995,-0.572307146530825,-0.0336727907413421,-3.88994721530501
"SA18-CB-5-FG6",0.0223856332095906,0.21848053987388,0.00867600148355004,-13.4425848004067
"SL18-CC-6-FG1",0.0621284094604225,0.488935690522153,-0.0208255949296512,-10.2082274320686
"SL18-JS-5-FG2",-0.0762944581111665,-0.445638592549137,-0.117667010217603,-7.74574279313578
"SL18-CC-10-FG4",0.0563714320319276,0.471053138782497,0.0170548773007093,-2.9045119779526
"SL18-NC-5-FG3",-0.0686404264565815,-0.561509413510978,-0.0591787452393853,-2.38211147379585
"SL18-OI-16-FG2",-0.0757648098759166,-0.68395393448432,0.0348945816996888,-0.903841803519034
"SL18-SF-13-MG2",0.040907299574448,0.209926117976729,0.0756737114049627,6.5872586964378
"SL18-LD-10-MG1",0.012524336100871,0.0667278857910582,0.0228350584058149,5.45765963097837
"SL18-LL-9-MG1",-0.0464666332909735,-0.544151197762592,0.0390622359863831,-19.3405269508541
"SL18-LD-1-MG2",-0.0334793010382396,-0.63506083134478,0.082249738681898,-22.365462525018
"SL18-LD-5-MG1",-0.0241630623753638,-0.161327032346042,-0.0238235233101613,-10.40899784506
"SL18-LL-9-MG2",-0.0258696735513444,-0.2587532983466,-0.0313713571932964,3.95585616368253
"SL18-NL-9-MG2",-0.0558766211423155,-0.442284898091169,-0.087245115900861,-13.3168937114828
"SL18-JS-16-MG1",-0.0788510630731056,-0.693617447294221,-0.0251438268216708,-15.7869599436507
"SL18-CC-8-MG2",-0.0324377023455214,-0.179777296762724,-0.0424445675013357,0.76325755906709
"SL18-OI-9-MG2",-0.0290250331031273,-0.332873091906732,0.0420625529187804,3.25901526914437
"SL18-LD-2-MG4",-0.0396250325384157,-0.650109301698415,0.135554687107596,-29.131603002894
"SL18-NC-9-MG1",-0.0262010203874047,-0.239308422205864,0.0455324465516573,-1.72921475716243
"SL18-NC-5-MG1",-0.0833839805713377,-0.717199106753797,-0.060727804238728,-9.82612771804177
"SL18-OI-16-MG3",-0.131931112303276,-1.21918993264657,0.0399368465694177,-14.4749956370206
"SL18-OI-15-MG3",0.0249268207775402,0.206895429575407,0.0218871371377209,11.3115184632496
"SL18-NC-2-MG3",-0.0281551815736358,-0.132906735486515,-0.0145274841659073,26.378130796791
"SL18-CC-11-MG5",0.12264011087492,1.40530094688953,-0.0613839568087877,38.1872841070959
"SL18-JS-9-MG3",-0.0961623154569127,-0.889663532562388,-0.0154998981115322,-8.5401946975473
"SL18-NC-10-MG2",-0.100952298066435,-0.820466627681236,-0.1295730223994,0.373095865704403
"SL18-OI-11-MG3",0.00626181204598472,0.662392537369887,-0.0390870063353195,2.14120757164573
"SL18-OI-18-MG3",-0.0560286757701451,-0.711377234291387,0.10213673788172,-23.8668190609847
"SL18-NC-15-MG3",-0.0464742691121768,-0.413170271030906,-0.0154029141000747,53.5339727939225
"SL18-NC-5-MG3",-0.0890151141131627,-0.735744502283843,-0.0722027914202884,-10.5881135704098
"SL18-NC-12-MG3",-0.0939802189138327,-0.816017394234614,-0.0255561292824927,-8.72655128318729
"SL18-CC-1-MG2",0.0114067405264714,0.110913748577032,0.00871957046968323,-4.17469020994193
"SL18-CC-2-MG5",0.0474210559235092,0.813889538889458,-0.0950734644558655,-5.70025488737057
"SL18-OI-7-MG3",0.0965246695263654,0.763626871439807,-0.0219068309447838,18.2691092650382
"SL18-NC-8-MG2",-0.0891741818639679,-0.77667455617955,0.00649754929650199,-14.8763480603098
"SL18-OI-5-MG3",-0.0382066263821855,-0.38343195002873,0.0574918018827567,-13.5666509285352
"SL18-NC-2-MG2",0.0577625077639725,0.300281012209051,0.0283419696092267,20.9881059642999
"SL18-FW-2-MG2",0.0462700343986083,0.467128542022887,0.00868202648488035,8.4463622310562
"SL18-PI-1-MG1",-0.00397317343584187,0.0612224245238154,-0.0241054695032718,4.45713648673586
"SL18-PI-1-MG2",0.015431083244877,0.177782070054752,-0.0179269023639596,3.51912093228187
"SL18-PI-1-MG4",0.0302259690584406,0.317783199598385,0.0038003163108552,8.39122492102923
"SL18-CC-6-MG11",0.0189184402840796,0.19213187312985,-0.0312069528425052,-6.91265817378876
"SL18-NL-3-MG1",-0.0628410673595291,-0.580614475793456,-0.0477974975702321,-8.83638487976566
"SL18-TI-1-MG2",0.0224330233472732,0.238119226023223,0.00521930841528793,4.3332038515669
"SL18-TI-2-MG3",0.0145500007993689,0.153602432403239,0.0106731539108416,2.99365638774893
"SL18-TI-3-MG11",0.0309590803165792,0.294570885936099,0.0112099387200263,2.30188976247091
"SL18-TI-4-MG1",0.0334672664865157,0.349316525803664,0.0183385560330236,7.7191804086745
"SL18-TI-4-MG3",0.0186205856088938,0.220127222866564,0.000864908867719549,6.03186225200183
"SL18-BL-10-MG2",0.0324533122891336,0.333404045805886,0.0127632022223789,11.0177859196509
"SL18-BL-11-MG4",0.0327876077283693,0.288738183424835,0.0144270713159782,4.01438611928197
"SL18-BL-12-MG1",0.0359689419900247,0.325041368066993,0.0210401498844931,6.1571385093852
"SL18-BL-12-MG3",0.0351052125241796,0.324848237433867,0.0235682083509423,4.48911184865641
"SL18-BL-17-MG3",0.014577162931833,0.140651262679998,0.00302543869222859,7.82342670802531
"SL18-OD-3-MG3",-0.0389131995197863,-0.355871372604597,-0.00642069873430223,-10.8197429322459
"SL18-OD-5-MG2",-0.0391211582128558,-0.319239019708523,-0.0346614475381103,-1.46489437317572
"SL18-OD-10-MG3",0.00769175356751645,-0.000917949078180783,0.0167656812610774,-9.07493670049571
"SL18-FW-14-FG2",0.029724793505343,0.294282829494143,-0.000190207643443822,1.93134755496361
"SL18-FW-14-FG11",0.0405251005380965,0.40083433495753,0.00328443597572379,6.83991908583486
"SL18-FW-14-FG12",0.0311040736462736,0.287984290074974,0.0149808517805199,3.99840775128508
"SL18-FI-1-FG3",0.0269925870342133,0.305599576406791,-0.0270065572281623,11.002505839763
"SL18-FI-1-FG13",0.0276006893327668,0.307008466541175,-0.0135507393274323,8.69670376492666
"SL18-PI-1-FG1",0.0133025255674115,0.17167150309597,-0.0117460013655154,4.6742292496267
"SL18-PI-1-FG3",0.0197245885659899,0.275079504404502,-0.0206292094099788,6.13934915657684
"SL18-JS-6-FG3",-0.0283103893551652,-0.261541895220329,0.106529209297587,-5.71919580680766
"SL18-JS-9-FG2",-0.0803132476491329,-0.683674503092522,-0.034257574995352,-6.36837334020287
"SL18-NL-2-FG2",-0.0775370196113292,-0.781242248495655,-0.0370183077916562,-10.2428882803277
"SL18-NL-6-FG2",-0.0288630457069655,-0.126674294494546,-0.055950959123738,22.5649261159548
"SL18-NL-7-FG3",-0.0593045289205067,-0.596980733388771,0.0111184897137881,-15.8180643175612
"SL18-TI-4-FG3",0.0173097891348077,0.276269423807812,-0.0278490389340909,2.8530935716762
"SL18-BL-18-FG10",0.0161330915129358,0.229786729914885,-0.0148574677176189,2.67193607416782
"SL18-FW-21-MG1",0.0105599226128178,0.149564954909665,-0.00981277332989435,5.35570568509472
"SL18-FI-2-FG11",0.0245688722538157,0.286903743082125,-0.0207616229747471,4.77011478735195
"SL18-FI-2-FG12",0.0184916458567105,0.138910199199714,0.00820332753732896,0.870025927584447
"SL18-LD-3-FG3",-0.00956088519939637,-0.165242783892377,0.0254482514384297,-6.17821790113932
"SL18-CC-7-MG2",-0.0769127139631974,-0.701868554657096,-0.0270936693334117,-2.58890447543217
"SL18-FI-1-MG2",0.033339867020033,0.321025545927035,0.0015319503110291,6.32986023226902
"SL18-JS-11-FG4",-0.0584868789504662,-0.48004591085138,-0.0538219920846576,1.77748810958384
"SL18-FW-12-MG10",0.00402543361771083,0.110753014716501,-0.0190450998864229,-1.49982559385794
"SL18-BL-14-MG1",0.0248018305339228,0.191685464489485,0.00916353031454746,1.31595579297113
"SL18-FI-1-MG10",0.0326466478695518,0.311226860863451,-0.00389595094221343,5.28637604797258
"SL18-LD-5-FG2",-0.036702255018708,-0.333913317519957,0.00521242345615731,-13.7490082349996
"SL18-FW-21-MG2",0.044704405056507,0.453232605543858,0.00858023426206369,8.18747866783256
"SL18-LD-9-MG2",-0.0227770829671875,-0.462574840363973,0.0699999659088899,-23.8792295616157
"SL18-BL-16-MG2",0.0337403983546615,0.309933127930549,0.0355845432981301,6.29878720083582
"SL18-FI-2-MG1",0.0334516183650124,0.317254610219706,-0.00259835829632051,9.68756124125998
"SL18-FW-12-MG2",0.0447167991633204,0.453010381077836,0.00871483914744803,8.1536952153135
"SL18-BL-17-MG2",0.0209081688576022,0.187012384960213,0.0246061305488386,7.34964537822785
"SL18-BL-18-MG3",0.0182049118342963,0.200175516880624,0.00581088134052157,6.70033170030915
"SL18-OD-3-MG2",-0.0295659799711784,-0.272473238888617,0.0122462329972542,-11.481930012665
"SA18-CB-5-FG1",0.0253210692987237,0.282799748771896,-0.0237265033404144,10.1519308921748
"SA18-CB-7-FG3",0.15766814730769,1.44643042621755,0.00739169418365879,10.7595127689885
"SL18-JS-16-MG2",-0.107497900717162,-0.985010101965312,-0.0152377914189571,-15.8713397463112
"SL18-CC-8-MG3",-0.0306975072657827,-0.148953034171392,-0.0379475682984307,-0.415776131035
"SA18-CB-5-FG5",0.0264389458562251,0.289026810030895,-0.0236979588655925,9.53401664890302
"SL18-LD-10-FG3",0.00563700685209662,0.0247414125653182,0.00590494302802905,6.20435158749116
"SL18-NL-10-FG2",-0.0322920417249221,-0.255544269581217,-0.022828397304872,-1.11911103907405
"SL18-NC-11-MG3",-0.06888537562835,-0.66504256450448,-0.00807511918593003,-6.20097717084123
"SL18-CC-9-MG4",-0.0253889295977295,-0.14666531702273,-0.0255329244617109,-2.38019247250754
"SL18-BL-10-FG2",0.0262238486727647,0.329928815634849,-0.0113129928958604,3.3301776029415
"SL18-BL-10-MG1",0.0183985119166188,0.255558588354468,-0.00171447005623262,4.01739568708876
"SL18-BL-15-FG1",0.0129967647530646,0.181336860747604,-0.00347950519705373,3.62575737755529
"SL18-BL-12-MG2",0.0359854520084751,0.323410792223121,0.0221034250344293,5.8636480097855
"SL18-NC-15-MG4",-0.0748992453522686,-0.668170017139934,-0.0222254004088429,18.3350397229178
"SL18-BL-16-FG3",0.0338246236459565,0.346261855945288,0.0218149457514294,0.142619842302854
"SL18-LD-1-MG3",-0.0638660912144779,-0.978377754137803,0.119213814746109,-25.8079175878253
"SL18-FW-12-MG11",-0.000752191150808639,0.0947026855187342,-0.0299532914226177,-0.781993144038592
"SL18-CC-2-FG1",0.00397256751812191,0.296592400606386,-0.066927477312725,-4.05334262680206
"SL18-SF-18-FG1",-0.0155761715702541,-0.270097718766309,0.0681354401424306,-3.66115418879774
"SL18-BL-11-FG1",0.0211778921005251,0.234474451845174,-0.00193095716901352,6.8531745747937
"SL18-BL-13-MG1",0.0265376419796997,0.28871082810505,-0.00976544440847048,7.038570317911
"SL18-BL-14-FG3",0.0278435480909265,0.324984950190993,-0.0013942006665338,4.80002489721492
"SL18-BL-17-FG3",0.00733848340024299,0.115648608995108,-0.00303170056483713,1.67888163590488
"SL18-CC-9-FG1",-0.0522222354859638,-0.372067741813105,-0.0392316551478717,-1.05439805698695
"SL18-FI-1-FG10",0.0358418243425633,0.336617331821987,0.00808282670305956,7.46266887034526
"SL18-FI-1-FG11",0.0340442012401014,0.329194893363629,0.00147169993857431,4.17618689111866
"SL18-FI-1-FG12",0.0293530048042105,0.266819389994486,0.00215506916702266,3.39156848309561
"SL18-FI-2-FG10",0.0182810489858475,0.216809894836318,-0.0149339648013349,6.15284588144084
"SL18-FW-12-FG10",0.00858443579015979,0.146416157275846,-0.0132802667178743,1.53117963908268
"SL18-FW-14-FG13",0.0230517574767523,0.204063245910339,0.00516792274977757,1.28317193938508
"SL18-FW-2-MG1",0.0336551695551111,0.318360042055156,0.00274946090356896,7.08091560482255
"SL18-JS-5-MG1",-0.0261224089012669,-0.134595668376276,-0.0872677502906548,6.45506136123491
"SL18-LD-13-FG1",-0.0298439373062197,-0.323807170078869,0.0280331994196057,4.09469728292758
"SL18-LD-2-FG3",-0.0530552282475839,-0.720001704716059,0.116971422926575,-23.6319201306856
"SL18-LD-9-FG1",0.0111580165048635,0.173366780847088,-0.0363042608053717,1.57091936186973
"SL18-TI-3-MG2",0.0204173370669012,0.215295113606028,0.00941094228058794,4.49264255415551
"SL18-LL-9-FG1",-0.0399711461201879,-0.435415479548156,0.0133778873270785,-2.89374383002264
"SL18-NC-1-FG3",-0.0645067816837585,-0.549794638720918,-0.0248626834306078,-4.08016709960722
"SL18-NC-8-FG2",-0.0604914153462121,-0.473769903078377,-0.0216573349615672,-6.84256284269054
"SL18-NC-10-MG1",-0.0819746681596142,-0.695804196318443,-0.103945438255456,-2.46792932502288
"SL18-NC-11-FG3",-0.0528674774584922,-0.433287108985568,-0.036212213762503,-1.25992444181238
"SL18-NL-6-FG3",-0.0174568255868197,-0.0855619524570312,-0.0519565902602085,27.6283074227508
"SL18-NL-9-MG3",-0.0521523526868973,-0.420355864993466,-0.0324762189831423,-7.38038394802096
"SL18-NL-6-MG2",0.00452081471320886,0.143830786485756,-0.0556126497245109,35.5359995034509
"SL18-OD-5-MG1",-0.0549412576636988,-0.44959973395862,-0.021582686043314,-3.48764365503149
"SL18-OI-16-FG1",-0.0639254489429867,-0.548314963266874,-0.00884990533138448,-2.40174076190306
"SL18-OI-4-FG3",0.0187311099276434,0.0478990095112035,0.00191805765156343,14.2808161312329
"SL18-OI-5-MG2",-0.0318054582267273,-0.373891704425993,0.063458096567873,-11.267192249756
"SL18-OI-7-FG1",0.0552292368594745,0.519320253519085,-0.0339379487960293,17.7864958891568
"SL18-PI-1-FG10",0.018330426033518,0.206808327394443,-0.0209110235451348,7.88268106184765
"SL18-PI-1-MG11",-0.00201842379086621,0.0179113075371465,-0.00818061880411063,2.79798137209159
"SL18-PI-1-MG3",0.0287166652082957,0.316961924178348,-0.00601721828350928,4.20998388637672
"SL18-SF-13-MG11",0.0610671648972999,0.36021766383204,0.0482349090132462,9.93769355789658
"SA18-CB-5-FG3",0.0437663060549736,0.462676126343019,-0.00197248176616705,-20.5565575407788
"SL18-OD-10-FG2",0.0844627228644633,0.612763440035051,0.0143926292229361,3.87644752357981
"SL18-TI-4-FG1",0.0275552038667878,0.334135187943851,-0.0151437550840878,3.69740168280128
"SL18-TI-3-MG1",0.0229870896081828,0.246235028431324,0.00114439163180323,3.1837060786552
"SL18-TI-4-FG2",0.0252746433597288,0.294302052343441,-0.00714305374105934,3.55944896213075
"SL18-TI-5-MG3",0.033092735812063,0.328077462222538,0.00218089356989251,1.94637440175991
"SL18-BL-11-MG1",0.0342506923553071,0.311527789612897,0.00603160552840198,6.1554096571242
"SL18-BL-11-MG2",0.0342506923553067,0.311527789612894,0.00603160552840132,6.15540965712399
"SL18-BL-17-MG1",0.0107037416713257,0.110805045015684,0.00615018551307182,4.21250620958657
"SL18-FI-2-MG3",0.0328175178765622,0.314668948483486,0.000689046236612523,5.85710748629748
"SL18-OI-11-MG1",0.0206859375037908,0.325795409417895,-0.00489352453150427,0.462957281728875
"SL18-NC-9-MG3",-0.0189661597475082,-0.13399451141644,0.0228019002555991,1.43099741632643
"SL18-NC-15-MG2",-0.0697349096451694,-0.613537621132314,-0.0231684234750187,18.9255554235166
"SL18-CB-2-MG1",-0.000000000000000029637970862674,-0.000000000000000225871333058496,-0.000000000000000127600068209798,-0.0000000000000192237300086893
"SL18-CB-3-MG1",0.000000000000000510644005567671,0.00000000000000392019751061393,-0.0000000000000000575592438991331,0.0000000000000340073037454315
"SL18-CB-3-MG2",-0.000000000000000271203970753118,-0.00000000000000222748333522164,0.000000000000000093429998093747,0.00000000000000167987495480232
"SL18-CB-4-MG2",0.000000000000000249699215788271,0.00000000000000276694724166165,-0.0000000000000000652877241141772,0.00000000000004082627567535
"SL18-CB-4-MG3",-0.000000000000000185215993960834,-0.00000000000000162409914182857,0.0000000000000000998109228685742,0.00000000000000765852316590161
"SL18-CB-7-MG1",0.0000000000000000409187256625659,0.00000000000000142429496003155,-0.0000000000000000872462467576148,0.0000000000000891103309123357
"SL18-NC-8-MG1",-0.0530705494780647,-0.447469709624942,0.00198813782207354,-9.09326083062676
"SL18-TI-1-MG1",0.0112139786262932,0.119033118812854,0.00260994381338644,2.16605485450708
"SL18-TI-1-MG3",0.0112139786262931,0.119033118812855,0.00260994381338616,2.16605485450711
"SL18-TI-1-MG4",0.0112139786262932,0.119033118812855,0.00260994381338656,2.1660548545072
"SL18-TI-1-MG11",0.0112139786262932,0.119033118812855,0.00260994381338656,2.166054854507
"SL18-TI-2-MG1",0.00727225995417248,0.0767725653221439,0.0053368713173804,1.49623429077992
"SL18-TI-2-MG2",0.00727225995417239,0.076772565322145,0.00533687131738017,1.49623429077997
"SL18-TI-3-MG3",0.0185875918518835,0.188991011424627,0.00544168637252729,2.49385908682453
"SL18-TI-3-MG14",0.0185875918518837,0.188991011424629,0.00544168637252756,2.49385908682455
"SL18-TI-4-MG2",0.0203686532827818,0.245664610636478,-0.00515508571563194,3.97627745410451
"SL18-TI-5-MG1",0.0165437578201332,0.16401154643559,0.00109075219276434,0.972647473144822
"SL18-TI-5-MG2",0.0165437578201327,0.164011546435585,0.00109075219276464,0.972647473144833
"SL18-NL-6-MG3",-0.00917302799856323,0.0325205129310928,-0.0682397127906329,33.1503352274676
"SL18-SF-13-MG13",0.0332758859053697,0.122612500820183,0.0602450049557389,2.43892834833839
"SL18-TI-6-MG1",0.000000000000000686985723161587,0.00000000000000591607517449503,-0.000000000000000133605573905169,0.0000000000000139460471529859
"SL18-TI-6-MG2",-0.000000000000000252789623499509,-0.00000000000000173341993274212,0.000000000000000279058967555786,0.0000000000000501676704525642
"SL18-TI-6-MG3",-0.000000000000000016616652473013,0.000000000000000279772131759947,0.000000000000000023623638649088,0.0000000000000394924633074103
"SL18-CC-1-MG11",0.0317664135139077,0.276337832468413,0.0162162565135454,3.45146145449255
"SL18-CC-2-MG6",-0.0190802866016916,0.112876237904169,-0.0894856301773527,-10.3792586924847
"SL18-CC-9-MG3",-0.0166869484696683,-0.0697434347063428,-0.0243238404412709,-0.657938930186523
"SL18-CC-11-MG6",0.0937704918037697,1.06115693757206,-0.0461422544326215,29.2153909191619
"SL18-NL-5-MG3",-0.0145380070454078,-0.164809822217487,-0.0146018506806807,-0.897931345447982
"SL18-OI-17-MG3",-0.078855185827649,-0.922219021990181,0.0176116741270749,-23.360384527582
"SL18-OI-18-MG4",-0.0122605531343952,-0.259569729926433,0.0884687426053494,-17.3859015113854
"SL18-FW-14-FG1",0.0334310200954322,0.302649749070371,0.00979957830237117,4.16448999348504
"SL18-FI-1-FG2",0.0332650079895591,0.316724109331953,0.000462509795013182,6.34368108279846
"SA18-CB-1-FG2",0.0130486693101646,0.0619777339597218,0.00308944690645294,-0.13014763340552
"SL18-NC-15-FG2",-0.108169363751229,-0.997027518502862,-0.0262577389508304,11.1461065048667
"SL18-OD-3-FG2",-0.0277817487088491,-0.242703205838655,0.00322260050998047,-9.95313416640953
"SL18-OI-9-FG2",-0.00659806284309619,-0.141144751333081,0.0337074252665137,4.60861729748876
"SL18-OI-15-FG3",0.0431201316021756,0.389136179356831,0.0178381606297315,9.45048915382985
"SL18-BL-18-FG11",0.0114441635821906,0.143301495527173,-0.00301531597731669,3.12369454742187
"SL18-FI-2-FG1",0.0328175178765616,0.314668948483481,0.000689046236612208,5.85710748629741
"SL18-JS-6-FG2",-0.0759992146247458,-0.795073772517656,0.130581909512892,-6.79759485382638
"SL18-JS-19-FG5",-0.0649185428098913,-0.49790568148529,-0.0204990120950175,-23.9247727377506
"SL18-NC-15-FG1",-0.0855253351303015,-0.793217544032989,-0.0154137703456603,18.343925593596
"SL18-FW-21-FG2",0.0184193875074805,0.200911021294629,-0.000410603945493356,4.51394811574546
"SL18-FW-21-FG1",0.0184193875074806,0.200911021294633,-0.00041060394549377,4.51394811574554
"SL18-OD-1-MG4",-0.000000000000000132976562483406,-0.00000000000000122403154896325,0.000000000000000065367829769465,-0.0000000000000217100768572975
"SL18-OD-3-FG4",-0.0277817487088496,-0.242703205838662,0.00322260050998115,-9.95313416640963
"SL18-OD-4-FG4",0.0000000000000000778512277810463,0.000000000000000537221898078141,0.000000000000000152766638082109,-0.0000000000000452146986531172
"SL19-LR-5-FG1",-0.000000000000000125217518638113,-0.00000000000000163193805330798,-0.000000000000000035697889861946,-0.0000000000000568366391550427
"SL18-FW-21-FG4",0.0184193875074806,0.20091102129463,-0.000410603945493016,4.51394811574542
"SL18-TI-3-FG4",0.0185875918518837,0.18899101142463,0.00544168637252718,2.49385908682459
"SL18-TI-3-FG5",0.0185875918518838,0.188991011424629,0.00544168637252745,2.49385908682454
"SL18-TI-3-FG6",0.0185875918518839,0.188991011424631,0.00544168637252697,2.49385908682459
"SL19-LR-5-FG2",-0.000000000000000239241301628584,-0.00000000000000124106528612391,-0.000000000000000300713752386218,0.0000000000000623633196137761
"SL19-LR-2-MG2",0.000000000000000207082304539205,0.00000000000000180099608168534,-0.0000000000000000902062266703631,0.0000000000000828530088510696
"SL18-OD-6-FG2",-0.0280547922142415,-0.333654868919324,0.0148277906308845,-0.391409945914502
"SL19-LR-2-FG1",0.0000000000000000467171292113568,0.000000000000000412226063826412,0.000000000000000105202725095412,0.0000000000000268223927286126
"SL18-DB-6-FG1",-0.000000000000000182481234769437,-0.00000000000000157801879239864,-0.0000000000000000304030124293993,-0.0000000000000374509259763371
"SL18-FI-2-FG5",0.0328175178765621,0.314668948483486,0.000689046236612066,5.85710748629749
"SL18-FW-12-MG5",0.0113130406951073,0.160956961410434,-0.0107125087032613,1.48021794775791
"SL18-FI-1-FG4",0.0332650079895582,0.316724109331945,0.000462509795012888,6.34368108279826
"SL18-FW-12-MG6",0.0113130406951071,0.160956961410432,-0.0107125087032612,1.48021794775786
"SL18-FI-2-FG7",0.0328175178765623,0.314668948483488,0.000689046236612055,5.85710748629745
"SL18-FW-21-MG5",0.0184193875074803,0.20091102129463,-0.00041060394549366,4.51394811574553
"SL18-FW-12-FG4",0.0113130406951074,0.160956961410434,-0.0107125087032609,1.48021794775786
"SL18-FW-21-MG4",0.0184193875074808,0.200911021294633,-0.000410603945493616,4.51394811574548
"SL18-FI-1-FG6",0.0332650079895589,0.31672410933195,0.000462509795012813,6.34368108279834
"SL18-OI-6-FG6",0.0689809609399376,0.382887204562044,0.146925287196905,-13.4938216554973
"SL18-CC-4-MG4",0.00379008284903379,0.132265581037572,-0.0199901882873706,-2.80098061182331
"SL18-FI-2-FG4",0.0328175178765621,0.314668948483487,0.000689046236612042,5.85710748629764
"SL18-FW-2-MG4",0.0387172233497088,0.374665222323956,0.00638873710644074,6.62138665923617
"SL18-JS-19-FG6",-0.0559517681646537,-0.42044691641911,-0.0205925104040818,-18.0913343791607
"SL18-JS-9-MG4",-0.0802870719749793,-0.742148211308889,-0.0238876884276175,-5.91102343321405
"SL18-PI-1-MG5",0.0133025255674113,0.171671503095968,-0.0117460013655155,4.6742292496267
"SL18-NL-5-MG5",-0.0145380070454077,-0.164809822217486,-0.0146018506806809,-0.897931345447907
"SA18-CB-10-FG6",0.356050005798951,2.44848191120191,0.0638347140279254,36.1988262952392
"SL18-TI-2-MG5",0.00727225995417287,0.0767725653221502,0.0053368713173798,1.49623429078018
"SL18-LD-2-FG5",-0.0466778803021631,-0.737995349811475,0.145835080380629,-25.6068244275213
"SL18-CC-9-FG6",-0.0166869484696684,-0.0697434347063437,-0.0243238404412709,-0.657938930186542
"SL18-LD-3-MG6",0.00166949063072085,-0.0993986381816518,0.0394245219786007,-4.38049560326862
"SL18-OI-15-FG4",0.0431201316021752,0.389136179356828,0.0178381606297316,9.45048915382971
"SL18-OI-5-MG4",-0.0266947989125802,-0.297554488123487,0.0550616822696298,-9.05465034164921
"SL18-BL-13-MG3",0.0355640881074826,0.353307117472324,0.000634720814415248,6.46767710430392
"SL18-BL-16-MG3",0.0417550107399987,0.390050597227614,0.0225640938078929,4.3820080457605
"SL18-CB-7-MG3",0.000000000000000128729948296863,0.00000000000000171461991469615,-0.0000000000000000807293739887801,-0.00000000000000881328337009854
"SL18-CB-10-MG3",0.000000000000000140331424152265,0.00000000000000112845111877993,0.0000000000000000540826598542048,-0.0000000000000407778628593605
"SL18-OI-4-MG2",0.0119276735641408,-0.126141817151287,0.0684494374270829,8.17201165152483
"SL18-OI-7-MG2",0.0841667760445402,0.83286294439117,-0.02509501811459,8.64710911161072
"SL18-OD-10-MG1",0.106944085252067,0.767507436130172,0.0272203182764903,-5.40963768021324
"SL18-OD-10-MG2",0.0300347853960036,0.120219851166453,0.0242880989687747,-3.37941420117806
"SL18-BL-11-FG2",0.0342506923553065,0.311527789612892,0.00603160552840173,6.15540965712415
"SL18-BL-12-FG1",0.0335852605470568,0.307452017593671,0.0137523951718018,5.15127150876715
"SL18-NL-5-FG3",-0.014538007045408,-0.164809822217489,-0.0146018506806807,-0.897931345447974
"SL18-BL-11-FG3",0.0342506923553068,0.311527789612894,0.00603160552840169,6.15540965712412
"SL18-NC-12-FG1",-0.0876966626649432,-0.783174635961226,-0.021189255743102,-10.0595389525369
"SA18-CB-10-FG1xSL18-SF-19-MG2",0.192082328912849,1.91919868979979,0.0338088578526726,56.7417917930325
"SL18-LD-10-FG1xSL18-OI-4-MG1",-0.0278124379949481,-0.578152656989335,0.105626452256403,-7.46902513426295
"SL18-NL-6-FG1xSL18-OI-11-MG2",0.0571876557799339,0.798452747563262,-0.132470024363301,84.5571483948001
"SL18-NL-6-FG1xSL18-OI-14-MG2",0.0887249381185174,1.17117748583631,-0.0431183640341783,67.7126037749606
"SL18-NL-6-FG1xSL18-OI-15-MG1",0.0896406870972734,1.18923964892181,-0.123315764768828,103.338887173733
"SL18-NL-6-FG1xSL18-OI-16-MG1",-0.0308676955919957,0.11947060302828,-0.0797710589142429,99.9825796255924
"SL18-NL-6-FG1xSL18-SF-17-MG1",0.0776335388147069,0.93911183665867,-0.0620087727978316,69.2578521379393
"SL18-NL-6-FG1xSL18-SF-19-MG2",0.0765346587168976,1.29642655696136,-0.0671615542171891,127.246906503434
"SL18-LD-10-FG2xSA18-CB-7-MG2",0.156547607845779,1.11939128027999,0.0455933988731844,42.6534782292167
"SL18-LD-10-FG2xSL18-NL-3-MG2",-0.074399596134163,-0.930013170666061,0.0331484063697261,-15.8049038803433
"SL18-NL-9-FG2xSA18-CB-7-MG1",0.112741868954401,1.35978747419726,-0.121322171617794,39.9733307601725
"SL18-NL-9-FG2xSL18-SF-19-MG1",-0.0631376321199251,-0.531521196817977,0.0659927486619527,44.2769884524948
"SL18-OI-11-FG1xSL18-SF-15-MG2",0.0255023443543048,0.561248554425692,-0.0474919590596357,10.9393334718613
"SL18-OI-15-FG1xSA18-CB-2-MG3",0.0815446927726257,0.869479880563575,-0.0138719532196574,8.73829118732771
"SL18-OI-15-FG1xSL18-NL-5-MG1",0.00256241108239888,0.1250947052898,-0.0364225393145524,9.27995287723197
"SL18-OI-15-FG1xSL18-SF-15-MG1",0.0488470856793541,0.724346816671372,-0.0461991260050406,39.7247630708902
"SL18-OI-16-FG3xSA18-CB-4-MG3",-0.0120879439484288,0.290662925571251,-0.0681261460516646,-7.99702346186321
"SL18-OI-16-FG3xSA18-CB-5-MG3",-0.0588539449331671,-0.553411973322427,0.0420096612838489,-18.7075688015102
"SL18-LD-13-FG2xSL18-LD-13-MG2",-0.0994771482723307,-0.970894615412293,0.0978011376212934,18.5268611130732
"SL18-OI-16-FG3xSL18-LD-3-MG2",-0.0566955167709821,-0.619363462011622,0.0634049058017505,2.11501764362713
"SL18-OI-16-FG3xSL18-NL-6-MG1",-0.0672690842000929,-0.509650575107332,-0.0555054228246302,21.7029934563267
"SL18-OI-16-FG3xSL18-SF-17-MG2",-0.0300910166474411,-0.055291168285186,-0.000517074331883575,12.4779014105067
"SL18-OI-17-FG1xSL18-SF-13-MG2",0.0613661561725298,0.639466750868768,0.0495368335496428,9.51807333135008
"SL18-OI-17-FG2xSL18-SF-17-MG2",-0.000171941044685616,0.108485007962072,-0.0176195528322062,-16.893311332196
"SL18-OI-18-FG1xSL18-OI-9-MG3",0.0190163171525715,0.0544815453342634,0.0813467951724002,4.01256686410815
"SL18-OI-18-FG2xSA18-CB-7-MG1",0.131858466574876,1.08545821273255,0.101155697036654,-14.2212150206844
"SL18-OI-18-FG2xSL18-LD-10-MG1",-0.000872553451562692,-0.271923397726909,0.116123439139841,-21.0513624373399
"SL18-OI-18-FG2xSL18-LD-9-MG1",-0.0115296099081568,-0.601166462401258,0.186764637770159,-52.288096036941
"SL18-OI-18-FG2xSL18-NL-2-MG2",-0.0817990889672451,-1.10003350776264,0.0648902242991776,-26.4653579606264
"SL18-OI-18-FG2xSL18-LD-2-MG3",-0.0672047306720798,-1.18983469065751,0.248795411553111,-57.8475739448218
"SL18-OI-18-FG3xSL18-LL-9-MG1",-0.0583752352786999,-0.84114260421232,0.134762690148184,-50.8388317274116
"SL18-OI-18-FG3xSL18-OI-7-MG1",0.0313862790405338,0.0793391501565641,0.0611299563784598,8.54725148691912
"SL18-OI-18-FG5xSA18-CB-4-MG3",0.0192516063882417,0.188063509967219,0.0784804209879209,-41.721322680162
"SL18-OI-18-FG5xSL18-LD-2-MG1",-0.068209274266268,-1.43189311465804,0.336889718200955,-53.9446714765064
"SL18-OI-18-FG5xSL18-SF-15-MG2",-0.00777326160803696,-0.304341507404913,0.141676847022752,-18.2345240077723
"SL18-OI-18-FG6xSA18-CB-1-MG2",0.0230085988490709,0.126049760452245,0.0491446286259511,3.51136294092195
"SL18-OI-18-FG6xSL18-NL-6-MG1",-0.026405131831244,-0.328129935527563,0.0188363007564965,0.253903184894156
"SL18-OI-2-FG2xSL18-LD-1-MG2",-0.0404230392182481,-0.821144275576285,0.136260364211946,-48.6025898823889
"SL18-LD-1-FG1xSL18-NL-2-MG2",-0.103087596749246,-1.36292483669623,0.0408368441158254,-2.92302374638758
"SL18-OI-2-FG3xSL18-NL-9-MG1",-0.0851131113024015,-0.927706465136402,-0.117910055815494,-39.1642046235898
"SL18-OI-2-FG3xSL18-SF-17-MG1",0.00821644390039594,-0.129813285654123,0.0795391622883611,-32.9687466798412
"SL18-OI-6-FG1xSA18-CB-2-MG1",0.0577158042998069,0.369777534269783,0.0871728124217491,-32.9475608402159
"SL18-OI-6-FG1xSA18-CB-4-MG1",0.0483105027395448,0.354493607574238,0.0166893037760574,-56.0288825377214
"SL18-OI-6-FG1xSL18-LD-13-MG2",-0.0170372720949777,-0.397639413357203,0.150418983509725,-24.1809842803334
"SL18-OI-6-FG1xSL18-LD-2-MG1",-0.0271740896884579,-0.849662877614075,0.273971145427076,-69.1426871482105
"SL18-OI-6-FG1xSL18-LD-5-MG1",-0.00257505464799358,-0.105410399673601,0.0676813963544286,-53.6947249631657
"SL18-LD-1-FG1xSL18-OI-18-MG1",-0.033992993059504,-0.895444463797217,0.215023815462942,-28.9071760826586
"SL18-OI-6-FG1xSL18-NL-9-MG1",-0.0534872914034375,-0.678374539156969,-0.0564643090006544,-73.3679191236622
"SL18-OI-6-FG1xSL18-SF-15-MG1",0.0446041071807507,0.373555821030637,0.0757264268734976,-22.9035929367716
"SL18-OI-6-FG1xSL18-SF-19-MG1",-0.00903613617503416,-0.411282304606262,0.286687114498607,-26.694270498395
"SL18-OI-7-FG3xSA18-CB-2-MG3",0.0934505715770606,0.753745525575276,0.00181628694819386,4.05653120150065
"SL18-OI-9-FG1xSL18-LL-9-MG2",-0.0350856314787463,-0.415779351007147,-0.0182089336684216,11.1306937618186
"SL18-SF-13-FG1xSL18-LL-9-MG3",0.0121294065398775,-0.342969267351267,0.194110952333064,-41.8783360695905
"SL18-LD-1-FG2xSA18-CB-4-MG3",0.0515331297021147,0.776942744164925,-0.0786866298352752,-0.696341210135857
"SL18-SF-17-FG1xSL18-LL-9-MG1",-0.035468989115614,-0.435770750136369,0.0531905304797731,-33.3902545223742
"SL18-SF-17-FG3xSA18-CB-10-MG1",0.143723791855494,1.0171342426116,-0.010301310130336,9.37490828980704
"SL18-SF-17-FG3xSA18-CB-3-MG3",0.112389914120168,1.32655709527998,-0.117899199793954,46.6234717235186
"SL18-SF-17-FG3xSL18-LD-2-MG1",-0.0387914809326518,-0.700667794513588,0.16374932515745,-18.0396067561733
"SL18-SF-17-FG3xSL18-NL-10-MG2",-0.0399160509792775,-0.195260449712614,-0.0396907075201293,7.84819092341795
"SL18-SF-17-FG3xSL18-NL-2-MG3",-0.0434915369684982,-0.356744445039011,-0.0344618591484083,-3.20377973161225
"SL18-SF-17-FG3xSL18-NL-9-MG1",-0.0651046723302841,-0.529379262707303,-0.166686152718764,-22.264837948983
"SL18-SF-17-FG3xSL18-OI-7-MG1",0.0532654697775078,0.581241900971014,-0.0532873493760243,47.8629099578389
"SL18-SF-17-FG3xSL18-OI-9-MG3",0.0193513346863818,0.211378941721328,0.0346334397651831,15.9290481327194
"SA18-CB-10-FG2xSL18-LL-9-MG1",0.118945778033351,0.642843402660263,0.0625638294806622,-4.76012368734192
"SL18-LD-1-FG2xSL18-SF-13-MG3",-0.0113692012895976,-0.428677786238834,0.129986409044403,6.20434117039956
"SL18-LD-1-FG2xSL18-SF-15-MG1",0.0358504540274329,0.380204865163251,-0.0185220595799168,33.3194172439085
"SL18-LD-1-FG3xSL18-NL-5-MG1",-0.0538541319229279,-0.965882178829504,0.11609170708495,-23.2506179282394
"SL18-LD-1-FG3xSL18-OI-11-MG2",-0.0327772003547523,-0.76132618750735,0.101112275386476,-21.7753771016672
"SL18-LD-1-FG3xSL18-OI-15-MG1",-0.000324198266922824,-0.370539604486302,0.110266529112296,-2.99366071903675
"SL18-LD-1-FG3xSL18-OI-16-MG1",-0.120832589839484,-1.44030875820712,0.153811253124219,-6.34997781375236
"SL18-LD-1-FG3xSL18-OI-6-MG2",0.0306290601775035,-0.335408981420341,0.282852734908748,-25.479317180902
"SL18-LD-1-FG3xSL18-OI-7-MG1",0.012709264640155,-0.307939477058899,0.087523154886942,26.8576090802368
"SL18-LD-1-FG3xSL18-OI-9-MG3",-0.021204872263187,-0.677802419387677,0.175443945856671,-5.07625286135284
"SA18-CB-4-FG3xSA18-CB-4-MG3",0.116720234355303,1.44898763019848,-0.119971351390766,-30.4840546380061
"SL18-LD-1-FG3xSL18-NL-9-MG2",-0.0864622467837881,-1.126554746256,0.0348484226850432,-26.5048426095862
"SL18-LD-1-FG3xSL18-OI-15-MG2",0.0964995620268426,0.431310362668052,0.142550435758068,0.600695128522998
"SL18-LD-2-FG2xSA18-CB-3-MG3",0.0563499288785985,0.307861602665818,0.1096957603926,-1.46267452965501
"SL18-LD-2-FG2xSL18-LL-9-MG2",-0.0719390608438506,-1.07253743366616,0.177506766071732,-36.312959870466
"SL18-LD-2-FG2xSL18-NL-9-MG1",-0.121144692003615,-1.54807518785945,0.0609088355155528,-70.3510178285115
"SL18-LD-2-FG2xSL18-SF-19-MG1",-0.0766935293835154,-1.28098292632649,0.404060395936544,-23.6773429775852
"SL18-LD-3-FG1xSL18-NL-9-MG1",-0.09061310114735,-1.05481175519706,-0.069702127090197,-54.1329458226543
"SL18-LD-3-FG1xSL18-SF-19-MG2",0.00161758952323625,0.100396127161588,0.122594481297375,10.0515362503963
"SL18-LD-3-FG2xSA18-CB-2-MG3",0.0686310420918098,0.615809920877911,-0.0193598497881732,3.96220871601817
"SL18-LD-3-FG2xSL18-LL-9-MG2",-0.0129523889100177,-0.105716184656127,-0.067279867715918,18.5224053914253
"SL18-LD-3-FG2xSL18-SF-17-MG3",0.0223844745925283,0.212882804840715,-0.00604177230939281,0.0972526353007806
"SL18-LD-4-FG1xSA18-CB-2-MG1",0.0289872350614244,0.123042424634284,0.0207096277231237,11.2548835150085
"SL18-LD-4-FG1xSL18-NL-3-MG2",-0.0701333145544493,-0.889969328501507,0.00935187553497295,-16.7039285104594
"SL18-LD-4-FG2xSL18-LL-9-MG1",-0.0537192010910924,-0.75465874981936,0.102548598990971,-31.0982505288568
"SL18-LD-4-FG2xSL18-SF-15-MG2",0.00442136481570879,0.0114650018302213,0.0507395981069575,-1.90452540328422
"SL18-LD-4-FG3xSL18-SF-17-MG1",0.025736336792166,0.0638548879665244,0.0563573459590826,-27.8899625642827
"SL18-LD-5-FG1xSA18-CB-10-MG1",0.109800080553945,0.547541414565166,0.0278403753293319,-18.4344027108995
"SA18-CB-7-FG1xSL18-LL-9-MG3",0.212869682787326,1.76966816248172,0.0994188575575844,-6.85888448347159
"SL18-LD-9-FG2xSL18-SF-13-MG3",-0.0214113315545209,-0.701717582165979,0.191011416089195,-42.1491818901521
"SL18-LD-9-FG3xSL18-NL-7-MG1",-0.0457878827855188,-0.651267122174898,0.0365582722115261,-34.5998401546145
"SL18-LD-9-FG3xSL18-SF-17-MG1",0.0347530542793875,0.0945058580229342,0.0644371695611041,-28.6533055952851
"SL18-LL-9-FG3xSL18-NL-9-MG1",-0.127996990757747,-1.32227119068444,-0.236344206527099,-36.3011796304508
"SL18-NL-10-FG1xSA18-CB-4-MG3",0.0109341866248153,0.911736922794093,-0.169188156734299,19.0843852783509
"SL18-NL-10-FG1xSL18-LD-2-MG1",-0.07652670057527,-0.708220236460561,0.0892212238765812,6.86100561352959
"SL18-LD-10-FG1xSA18-CB-1-MG2",0.0468006821188392,0.415888064014351,-0.0299423478137164,21.615528829663
"SL18-NL-10-FG1xSL18-OI-15-MG1",0.00249681081667067,0.511089424849444,-0.105072063614339,42.9122485065538
"SL18-NL-10-FG1xSL18-OI-7-MG1",0.015530277081738,0.573689741165022,-0.127815468918894,72.7635425499653
"SL18-NL-10-FG1xSL18-SF-13-MG1",0.034882112133288,0.579051008911671,-0.0480232716650899,46.2232343744056
"SL18-NL-10-FG3xSL18-NL-3-MG2",-0.0937807195368522,-0.948325231958316,-0.0408528959589633,-22.2192256209782
"SL18-NL-2-FG1xSA18-CB-1-MG2",0.0278101561736214,0.205072829662724,-0.0375097958617901,27.3606131325896
"SL18-NL-2-FG1xSL18-LD-13-MG2",-0.0437464778673898,-0.616726326993999,0.0544182873292357,27.1414874125583
"SL18-NL-2-FG1xSL18-SF-17-MG1",0.0131330377568642,-0.0995684861750626,0.044984223876591,-15.8500188561699
"SL18-NL-2-FG3xSA18-CB-2-MG3",-0.021715961372791,-0.35674212806269,-0.0161137185920956,-42.7304372497612
"SL18-NL-2-FG3xSA18-CB-4-MG1",-0.0507072623310781,-0.520938294998763,-0.107478013996567,-44.8692873944492
"SL18-NL-2-FG3xSL18-LD-3-MG2",-0.0833384861194874,-1.01516377757984,0.0229255512666289,-35.647646242162
"SL18-NL-2-FG3xSL18-OI-16-MG1",-0.167676695165797,-1.57555377592793,-0.000944730153036491,-25.2881272703296
"SL18-NL-3-FG1xSA18-CB-7-MG2",0.090868521170579,0.666792517028203,-0.0710679595645517,25.5061657502176
"SL18-NL-3-FG1xSL18-OI-11-MG2",-0.079277499510534,-0.760517446709789,-0.0888043947508214,-23.9189971459353
"SL18-NL-3-FG1xSL18-SF-13-MG2",-0.036178569569197,-0.473534628509716,0.00785072832771686,-8.74430629005974
"SL18-NL-3-FG2xSL18-SF-17-MG2",0.00188643962803445,0.376231351352403,-0.0713502025458005,18.2752627099093
"SL18-NL-3-FG3xSA18-CB-2-MG2",0.0297697061790025,0.252573251983264,-0.0617963701999937,-2.02258137273015
"SL18-LD-10-FG1xSL18-OI-18-MG1",0.0145617597376907,-0.246256587104068,0.148860478709756,-23.6488525085459
"SL18-NL-6-FG1xSA18-CB-3-MG3",0.161798585063715,1.99715502448113,-0.210671023431645,131.950737671199
"SL18-NL-6-FG1xSA18-CB-7-MG2",0.227333714847577,2.22576298429233,-0.114733561825092,133.982317518721
"SL18-NL-6-FG1xSL18-LD-1-MG2",0.0258999944763702,0.240448729016161,-0.0292389609632121,70.7791393890897
"SL18-NL-6-FG1xSL18-LD-2-MG1",0.0106172073672397,-0.0300695383281663,0.0709774385868641,67.2876422135204
"SL18-NL-6-FG1xSL18-LD-3-MG2",0.0534705247646905,0.679860870703086,-0.0559008220178451,89.6230781309152
"SL18-NL-6-FG1xSL18-NL-2-MG1",-0.0694551057685652,-0.476865823167638,-0.107186464983341,81.3419194430529
"SL18-OI-11-FG3xSL18-CC-1-MG3",0.113355469513903,1.22488927379543,-0.0651209875552991,-7.6329025581743
"SL18-JS-16-FG3xSL18-NC-10-MG3",-0.206747096910181,-1.67946380336471,-0.223996506758633,-25.550682778049
"SL18-OI-5-FG5xSA18-CB-7-MG3",0.150094398670566,1.29247531142019,0.122168773383719,0.858101283248136
"SL18-CC-1-FG2xSL18-OI-16-MG1",-0.0170799611571595,-0.132217320092983,0.0490241355436047,5.40278381612037
"SL18-NC-11-FG1xSL18-NL-2-MG1",-0.205303883736279,-2.00776842936824,-0.0124016370305109,-19.1323312181806
"SL18-CC-5-FG2xSA18-CB-10-MG1",0.164282561185514,1.22738445850318,-0.0450048332645657,9.81021386545397
"SL18-CC-5-FG3xSL18-OI-14-MG1",0.0570835599484221,0.919526403470911,-0.102266733759149,-32.8576441867579
"SL18-CC-11-FG3xSL18-CC-3-MG1",0.246206404274844,2.71840827318586,-0.0789164852683923,51.5014457819922
"SL18-CC-11-FG3xSA18-CB-3-MG3",0.256137353824737,2.83311481246138,-0.166698535106961,92.5466705221332
"SL18-JS-16-FG1xSL18-CC-4-MG11",-0.158896175772889,-1.18524072805713,-0.0676021800328437,-22.4562821704518
"SL18-CC-11-FG3xSL18-JS-16-MG1",0.0748669307593672,1.01785148787968,-0.0926601129389231,37.9535449898261
"SL18-NC-12-FG2xSA18-CB-4-MG3",-0.0969101172452932,-0.49969656327098,-0.0939519535013312,-19.8038217906963
"SL18-OD-5-FG1xSL18-CC-8-MG2",-0.110919930205675,-0.848400938477132,-0.0767920459719356,-2.75096534584437
"SL18-CC-1-FG3xSL18-OI-9-MG2",-0.0196856383201051,-0.24826415887693,0.0666340000576517,5.36086905035757
"SA18-CB-9-FG1xSL18-JS-5-MG3",0.0667629931251086,0.51168921990513,-0.0799380544988342,8.92292131765768
"SL18-CC-5-FG1xSL18-JS-9-MG1",-0.145855665733747,-1.22615606565728,-0.0871652451078813,-22.8315381071905
"SL18-CC-12-FG3xSL18-OI-15-MG2",0.222838746981498,2.3559230947923,-0.0112087363886971,35.168553104096
"SL18-SF-17-FG2xSL18-NC-1-MG1",-0.0265478716269328,-0.0691816677059313,-0.0522108402717394,-2.18531349618263
"SL18-JS-5-FG1xSL18-LD-2-MG4",-0.172034571877245,-1.60286547945821,-0.0446429896773758,-39.0370662839851
"SL18-OD-5-FG3xSA18-CB-1-MG12",-0.0465344573096568,-0.471882232637615,-0.0218917894149916,-6.70924716815492
"SL18-CC-5-FG3xSL18-JS-5-MG2",-0.055291716075284,-0.0747347902145634,-0.275111005185565,-10.1165211265758
"SL18-SF-13-FG1xSA18-CB-7-MG1",0.119122921606553,0.981992792600033,0.110968142656441,-4.58288272121835
"SL18-LL-9-FG6xSA18-CB-10-MG3",0.13074943383846,0.722134690445239,0.0140048465608097,16.2910431859164
"SL18-OI-15-FG2xSA18-CB-2-MG3",0.102133263509593,0.86058611560537,0.0458396007007998,0.836842478855697
"SA18-CB-2-FG3xSL18-NC-9-MG1",0.0595685526795852,0.632947782333287,0.0223060427766384,11.4879603651931
"SA18-CB-5-FG4xSL18-CC-1-MG3",0.0835765561384653,0.697652552682417,0.0324418331489957,-14.287582974983
"SL18-CC-3-FG1xSL18-JS-6-MG3",0.187717837062579,1.73020094286847,0.136716104734914,-0.350180757132909
"SL18-JS-16-FG1xSL18-LD-2-MG2",-0.223095133028427,-2.34320028209338,0.180706318928588,-41.5090395298232
"SL18-NC-10-FG1xSL18-NC-5-MG1",-0.226922420466481,-2.001480750008,-0.167173081262777,-20.939174233995
"SL18-OI-17-FG4xSL18-JS-6-MG2",0.0994201581951621,0.952161276911963,0.0924312719845171,-0.883503823574848
"SL18-CC-1-FG2xSL18-OI-16-MG3",-0.0587640849439986,-0.595368143751198,0.0572433417477233,-15.9101886470455
"SA18-CB-2-FG3xSL18-OI-2-MG2",0.0237585176598467,0.1485528485688,0.0595297930597135,14.1399997071059
"SL18-CC-5-FG3xSL18-JS-19-MG2",-0.0750919245213566,-0.242006728178738,-0.158867361908882,-29.3460970913229
"SL18-CC-3-FG2xSA18-CB-10-MG3",0.411241086699971,3.62082650653243,0.0104201393815168,38.2641966787289
"SL18-CC-1-FG1xSL18-OI-16-MG3",-0.138892912435784,-1.2600978121236,0.0505531741786248,11.5011492407529
"SL18-JS-16-FG3xSL18-OD-6-MG2",-0.178930896713884,-1.63251385732676,-0.0386322978226968,-21.2785485031718
"SL18-OI-4-FG2xSL18-NC-15-MG1",0.0265400799536554,-0.133484273683581,0.0647022523744104,60.0575085291664
"SL18-NC-12-FG2xSL18-OI-16-MG1",-0.225855937254636,-1.9701131631318,0.0137088055930214,0.667749371299528
"SL18-CC-8-FG2xSL18-JS-5-MG3",0.0112994451613737,0.238381942320747,-0.137965301170068,3.12203228686635
"SL18-OI-4-FG2xSL18-JS-19-MG2",0.0169446617234855,-0.172479764196745,0.0664927249037216,16.8611656601917
"SL18-OI-6-FG2xSA18-CB-4-MG2",0.335322079431937,2.43852489100526,0.141438261448132,-1.22738592226486
"SL18-CC-3-FG1xSL18-JS-5-MG2",0.0824954885356916,1.10570129768029,-0.151575055440063,3.94097717564098
"SL18-CC-3-FG2xSL18-OD-6-MG1",0.187032623943034,1.94977168752081,-0.0144790257178064,27.5551091822424
"SL18-LD-13-FG2xSA18-CB-7-MG1",0.0844035302442138,0.90677133072978,0.0467543955011412,11.7099219934445
"SL18-OI-6-FG2xSL18-LD-2-MG2",0.117210023470076,0.185480422582942,0.381365828018122,-32.2695282701334
"SL18-CC-12-FG3xSL18-OI-15-MG3",0.120680426397947,1.4472387105951,-0.00977842986730162,32.6914583451309
"SL18-CC-11-FG3xSL18-NC-2-MG3",0.125562761869316,1.57856194946672,-0.0820438206812594,80.1186525182975
"SL18-CC-12-FG2xSL18-OI-15-MG2",0.357115162551974,3.60400535946251,-0.0206011400636641,57.3595996187777
"SL18-SF-17-FG2xSA18-CB-1-MG13",0.114863847844564,1.10382336583669,0.000812481919171856,8.52851053547891
"SL18-SF-17-FG2xSL18-OI-4-MG3",0.0109500907226718,-0.0198011239281781,0.0611310110729793,10.6645995341386
"SL18-NC-10-FG3xSL18-NL-5-MG2",-0.153801278913608,-1.23262223544933,-0.282975444791141,-6.54184982786594
"SL18-CC-8-FG2xSL18-LD-9-MG1",0.0304633058198109,0.109990747321908,0.0364159183504764,-18.9256582442798
"SL18-NL-3-FG3xSL18-NC-9-MG2",-0.0224849030999965,-0.0495256567307449,-0.0232691330675726,-0.346776013126103
"SL18-OI-6-FG3xSL18-CC-11-MG5",0.184188433334527,1.59716946319126,0.23509033614741,29.1291444750867
"SL18-CC-8-FG1xSL18-OI-7-MG1",-0.0543689564233733,-0.321106895773973,-0.0964218412524006,26.4944230630063
"SL18-JS-5-FG1xSL18-OI-14-MG1",-0.0824164464744642,-0.417166127412753,-0.153218026869899,-32.0433104171938
"SL18-NC-10-FG1xSL18-OI-11-MG4",-0.188503947944672,-1.75793772471456,-0.0354573812206537,-30.818466801318
"SL18-SF-17-FG2xSA18-CB-7-MG2",0.21728140722651,1.89669932869382,-0.0211364325372967,45.4846431406942
"SL18-CC-9-FG3xSL18-JS-9-MG3",-0.127163023574955,-1.06342952745936,-0.0378691839026365,-11.5863168706322
"SL18-CC-5-FG2xSL18-NC-10-MG2",-0.0704229368167877,-0.405304362415246,-0.182993544968029,8.62579430045905
"SL18-OI-11-FG3xSL18-NC-2-MG1",0.184840389655601,1.26930151201646,-0.0130707182080936,44.9473155677322
"SL18-NC-9-FG2xSL18-JS-11-MG3",-0.0858391772242384,-0.696625844683304,-0.053992544478982,0.686421500975632
"SL18-LD-9-FG4xSL18-OI-6-MG2",0.0676268382349601,0.268259362366981,0.190898363129045,-17.692616406411
"SL18-CC-3-FG2xSL18-OI-11-MG3",0.21993256661355,2.94913864541708,-0.0615246380161457,25.1857386512055
"SL18-OI-9-FG4xSA18-CB-1-MG12",-0.00029066148826239,-0.264785106750778,0.0565054229552151,0.505802841989766
"SL18-CC-3-FG2xSA18-CB-4-MG2",0.34636164372353,3.31452760801352,-0.0408977901954092,25.0676922771248
"SL18-NC-5-FG2xSL18-JS-11-MG3",-0.151645947652041,-1.23124593670387,-0.160651059742889,-12.5628367348874
"SL18-CC-8-FG1xSL18-OI-18-MG3",-0.153692499682331,-1.40881453819595,0.0402854353087844,-37.4179349342457
"SL18-CC-6-FG3xSL18-JS-9-MG2",-0.193380772656887,-1.66210989925572,-0.0609947498221552,-28.1534327933663
"SL18-NL-7-FG4xSA18-CB-1-MG12",-0.0497653294955019,-0.520198946434622,-0.00434716874182966,-16.9858653242193
"SL18-CC-1-FG1xSL18-NC-15-MG3",-0.0534359799025809,-0.454077218145956,-0.00478666420953723,79.5101901816755
"SL18-CC-1-FG1xSL18-CC-4-MG11",-0.0281838257244987,-0.108208918596111,-0.0162248267656864,16.0099343180492
"SL18-CC-5-FG2xSL18-NC-9-MG2",0.0266314804986347,0.53238731593058,-0.033283122288615,15.662634884455
"SA18-CB-9-FG1xSL18-JS-19-MG1",0.102472845241743,0.884896488159747,0.00682628185558984,3.11644989254584
"SL18-NL-3-FG1xSL18-OD-3-MG1",-0.119728831685956,-1.02587880080845,-0.0607586171913931,-32.8414213432029
"SL18-CC-5-FG3xSA18-CB-1-MG12",0.0109278886823094,0.341423858524943,-0.132702893306392,-14.7119446215152
"SL18-CC-8-FG2xSL18-NC-5-MG3",-0.060419171866063,-0.363239349456163,-0.129263189131993,-3.73471767793463
"SL18-CC-6-FG3xSL18-OI-14-MG2",-0.0443068654872557,-0.291596986616452,0.0235958300683449,-40.2785071261744
"SL18-NC-12-FG2xSA18-CB-3-MG1",-0.059854205925266,-0.525374653562035,-0.0264579110610179,1.58358298792743
"SL18-CC-3-FG3xSL18-OD-6-MG3",0.137843515367381,1.50995622391149,0.0105036536771428,4.40232019959487
"SL18-CC-6-FG2xSL18-OI-14-MG1",0.119746173247758,1.17064800588828,-0.022602306339771,-21.6192144950595
"SL18-JS-19-FG3xSA18-CB-3-MG2",-0.0686816064933367,-0.372912563531692,-0.193583464381157,-14.7808415519566
"SL18-NC-12-FG2xSL18-NL-5-MG2",-0.16390518379419,-1.48344033649634,-0.0510017850609634,-2.91222872074532
"SL18-JS-5-FG1xSA18-CB-1-MG12",-0.128572056957166,-0.99526799910149,-0.183654192006166,-13.8976117174835
"SL18-JS-16-FG3xSA18-CB-4-MG3",-0.0752954557535953,-0.196784302042142,-0.139963880996224,-32.4820217328017
"SL18-OI-4-FG2xSA18-CB-7-MG2",0.267081563769524,1.80371711208996,0.0928688183418507,76.3252350921132
"SL18-NC-1-FG1xSL18-NC-12-MG3",-0.163133254443403,-1.38832559977274,-0.0592289817347671,-12.6165087918704
"SL18-NC-15-FG3xSL18-CC-1-MG2",-0.0890786366540042,-0.7252756203747,-0.0427486896242765,2.37610727044807
"SL18-SF-17-FG2xSL18-NC-12-MG1",-0.0282656862290891,-0.12061752065953,-0.0329683370331941,-1.30873909263855
"SL18-LL-9-FG2xSA18-CB-5-MG3",-0.0470368179410711,-0.40386566539717,-0.0145241866941824,-21.8830424400853
"SL18-SF-17-FG2xSA18-CB-7-MG3",0.253226820426019,2.38645155287148,0.0245944858668599,16.851429726201
"SA18-CB-4-FG6xSL18-JS-6-MG3",0.234885888389574,1.85244543476424,0.114994410311434,10.5675323346054
"SL18-CC-3-FG1xSL18-JS-11-MG2",0.0570700867938861,0.800742358869274,-0.0722372837820609,4.05769789037893
"SA18-CB-5-FG6xSL18-CC-6-MG2",0.0545719348696189,0.498425222916372,0.00792640817750832,-24.2642648524936
"SL18-JS-19-FG3xSL18-OI-17-MG1",-0.139282446748195,-1.12211570918807,-0.038863476076398,-41.5040788283882
"SL18-OI-17-FG4xSL18-CC-7-MG1",-0.0188883646751094,-0.0216446984232722,-0.0954174084399615,12.2530215102217
"SL18-OI-17-FG1xSL18-OI-4-MG1",-0.0212229691246597,-0.196257523072739,0.0764178687398572,-6.82986173015373
"SL18-CC-6-FG2xSL18-OI-11-MG4",0.0247875999914829,0.161402418677883,0.0214058063900477,-19.1867719784428
"SL18-JS-9-FG3xSA18-CB-10-MG1",0.0367948713864035,-0.0876172657730988,-0.0322742553343224,2.59281835246381
"SL18-OI-6-FG3xSL18-JS-6-MG1",0.00459780993069937,-0.47964692064673,0.610848823697901,-19.573892315074
"SL18-SF-13-FG2xSL18-JS-11-MG3",0.0633468588937938,0.383589072385443,-0.0729392176673237,9.52820049355867
"SL18-JS-19-FG3xSL18-LD-13-MG3",-0.144762108691661,-1.26264475750141,-0.0043810986695354,-31.0570841781066
"SA18-CB-2-FG3xSL18-CC-2-MG5",0.133190706360544,1.68614676667707,-0.118299948776418,7.51692119670874
"SA18-CB-9-FG1xSL18-OI-7-MG3",0.18058438374664,1.40944098825852,-0.0209399140885823,30.9234250478836
"SL18-CC-3-FG1xSL18-OI-16-MG2",0.0665689582907644,0.793739556117249,0.0567881307394846,4.85121494466024
"SL18-CC-8-FG1xSL18-NC-8-MG2",-0.186838030508584,-1.47411187014101,-0.0553538717147658,-28.4274609208608
"SL18-SF-13-FG2xSA18-CB-2-MG3",0.174363779989212,1.30262583088913,0.0333021083536464,0.0426834995887107
"SL18-SF-13-FG2xSL18-JS-9-MG2",-0.00107820163754539,-0.234991839481323,0.000533290508941606,-2.65990912221517
"SL18-JS-19-FG2xSA18-CB-10-MG3",0.103323258251848,0.627796327323513,0.0135659306001111,-16.4046420630316
"SL18-CC-6-FG1xSL18-JS-5-MG2",-0.000253765332757889,0.0302645369933864,-0.166690173467175,-9.60498385535833
"SL18-CC-12-FG2xSL18-LL-9-MG4",0.234205977259754,2.41711433278527,-0.0478869448753195,61.4140131154852
"SL18-NL-3-FG1xSL18-OI-7-MG3",0.0194388416665796,0.0801667525252552,-0.0897299398678173,2.93756307626373
"SL18-NL-5-FG1xSL18-OI-14-MG1",0.0441861317917401,0.474951030181548,0.00847959499720579,-21.7423276811839
"SL18-NC-8-FG1xSL18-NL-7-MG2",-0.100869858016325,-0.932840558442041,0.0781449846042366,-26.3678557313613
"SL18-JS-5-FG2xSL18-OI-5-MG3",-0.114501226198501,-0.829071750856981,-0.0601752812747826,-21.3124153569594
"SL18-CC-10-FG4xSL18-NC-2-MG2",0.114133957130195,0.771334226823771,0.0453968561297361,18.0835904634805
"SL18-NC-5-FG3xSL18-OI-2-MG2",-0.130651562262455,-1.28521355687183,0.023577457109829,-1.45929012735835
"SL18-OI-16-FG2xSL18-OI-18-MG1",-0.0750724340612618,-0.977856156083887,0.180683473413578,-26.8443407393565
"SL18-CC-1-FG2xSL18-NC-11-MG2",-0.00631018146771528,-0.164913222534352,0.00156742363186767,-2.96224618057331
"SL18-CC-12-FG3xSL18-NC-11-MG2",0.0162763455479353,0.451607767812008,-0.047404609455062,19.8528729115706
"SA18-CB-7-FG1xSL18-LD-1-MG1",0.14605800285627,1.09988916598093,0.140766555651331,-6.63385816049373
"SL18-NC-10-FG3xSA18-CB-3-MG2",-0.0859241944054791,-0.495286007459227,-0.39233327022047,5.23309951076914
"SA18-CB-5-FG1xSA18-CB-10-MG1",0.159074264865948,1.09502237083036,-0.0153109653917582,11.7094800340813
"SL18-UCONN-S142-MG5",-0.0150458195009969,-0.0276491582606284,-0.000258399637148248,6.23879037428144
"SL18-UCONN-S142-MG3",-0.0150458195009968,-0.0276491582606249,-0.000258399637148392,6.23879037428148
"SL18-UCONN-S142-FG4",-0.0150458195009975,-0.0276491582606314,-0.000258399637148434,6.23879037428143
"SL18-UCONN-S142-FG3",-0.00617884606407802,0.0611131834283,0.000508814943392605,-1.5027268804134
"SL18-UCONN-S142-MG1",-0.015045819500997,-0.0276491582606273,-0.000258399637148336,6.23879037428142
"SL18-UCONN-S142-MG4",-0.0150458195009969,-0.0276491582606275,-0.000258399637148209,6.23879037428132
"SL18-UCONN-S142-FG1",-0.0419537856838221,-0.330517393697656,0.00407181992535252,-2.03548036647682
"SL18-UCONN-S142-FG2",-0.015977461279803,0.0144691582888749,-0.00728971534124839,0.371135229556984
"SL18-UCONN-S142-MG2",-0.0150458195009974,-0.0276491582606307,-0.000258399637148683,6.23879037428158
"SL18-UCONN-S143-FG1",0.0306826763201114,0.319728877065084,0.02476850917397,4.7589238483723
"SL18-UCONN-S143-FG2",0.0306826763201114,0.319728877065085,0.0247685091739701,4.75892384837232
"SL18-UCONN-S143-FG3",0.0306826763201118,0.319728877065088,0.0247685091739699,4.75892384837243
"SL18-UCONN-S143-MG1",0.0306826763201117,0.319728877065087,0.0247685091739699,4.75892384837234
"SL18-UCONN-S143-MG2",0.0306826763201114,0.319728877065086,0.0247685091739698,4.75892384837238
"SL18-UCONN-S143-MG3",0.0306826763201117,0.319728877065088,0.0247685091739697,4.7589238483723
"SL18-UCONN-S157-FG1",-0.00388695297715368,-0.152174055488559,0.0708384530671757,-9.11729976513091
"SL18-UCONN-S157-FG2",0.00662474024866944,-0.152637574863818,0.0819478975250886,-6.04324952165344
"SL18-UCONN-S157-FG3",-0.123205630032356,-1.33287258419398,0.0863637786999231,-21.9269418867878
"SL18-UCONN-S157-MG1",-0.00199888475843019,-0.132142384737239,0.0722817420356395,-9.11894877003754
"SL18-UCONN-S157-MG2",0.045632556939354,0.373520379803392,0.0696794228524389,-3.30879112782812
"SL18-UCONN-S157-MG3",-0.00388695297715434,-0.152174055488567,0.0708384530671759,-9.1172997651309
"SL18-UCONN-S158-FG1",0.0115044378197513,0.0630259865019627,0.0245723613198839,1.7556687004665
"SL18-UCONN-S158-FG2",0.0115044378197512,0.063025986501963,0.0245723613198832,1.75566870046653
"SL18-UCONN-S158-FG3",0.0115044378197515,0.0630259865019655,0.0245723613198835,1.7556687004666
"SL18-UCONN-S158-MG1",0.0115044378197507,0.0630259865019577,0.0245723613198838,1.75566870046658
"SL18-UCONN-S158-MG2",0.011504437819751,0.0630259865019605,0.0245723613198835,1.75566870046663
"SL18-UCONN-S158-MG3",0.0115044378197512,0.0630259865019628,0.0245723613198836,1.75566870046648
"SL18-UCONN-S2-FG1",0.0805587252426015,0.604107503422583,0.026887330552568,10.7965571425881
"SL18-UCONN-S2-FG2",0.0594729363889462,0.321422148825044,0.0312818756615858,-2.38002164766774
"SL18-UCONN-S2-FG3",0.027697896299352,0.0162119338466668,0.0327900537947181,-2.74615726932921
"SL18-UCONN-S2-MG1",0.0594729363889464,0.321422148825044,0.0312818756615863,-2.38002164766786
"SL18-UCONN-S2-MG2",0.0594729363889464,0.321422148825046,0.031281875661586,-2.38002164766777
"SL18-UCONN-S2-MG3",0.0752616640211702,0.459829224988961,0.0339433822876938,-1.32787868969697
"SL18-UCONN-S32-FG1",0.0281746063400874,0.153927088966259,0.054847895100097,-0.731389328756949
"SL18-UCONN-S32-FG2",0.0281746063400873,0.15392708896626,0.0548478951000969,-0.731389328756845
"SL18-UCONN-S32-FG3",0.0281746063400869,0.153927088966256,0.054847895100097,-0.731389328756979
"SL18-UCONN-S32-MG1",0.028174606340087,0.153927088966259,0.0548478951000966,-0.731389328756867
"SL18-UCONN-S32-MG2",0.0281746063400875,0.15392708896626,0.0548478951000971,-0.73138932875686
"SL18-UCONN-S32-MG3",0.0281746063400875,0.15392708896626,0.0548478951000972,-0.731389328756783
"SL18-UCONN-S4-FG1",0.0795370973174443,0.547510704551743,-0.00765540819925951,5.85467766765942
"SL18-UCONN-S4-FG2",0.0795370973174445,0.547510704551746,-0.00765540819925966,5.85467766765936
"SL18-UCONN-S4-FG3",0.0795370973174445,0.547510704551745,-0.00765540819925944,5.85467766765941
"SL18-UCONN-S4-MG1",0.0795370973174445,0.547510704551746,-0.00765540819925989,5.85467766765927
"SL18-UCONN-S4-MG2",0.0795370973174449,0.547510704551749,-0.00765540819925992,5.85467766765938
"SL18-UCONN-S4-MG3",0.0795370973174442,0.547510704551746,-0.00765540819925981,5.85467766765939
"SL18-UCONN-S57-FG1",-0.0282361891897618,0.0591557654120068,-0.0780708314362535,5.62008897324471
"SL18-UCONN-S57-FG2",0.0187865740889718,0.729695057044794,-0.101057993719702,19.0665762444848
"SL18-UCONN-S57-FG3",0.00640736689627316,0.494418436662414,-0.0907842718415623,10.1173504613778
"SL18-UCONN-S57-MG1",0.00546701836363096,0.455866764347986,-0.0845940410732965,9.54215416426248
"SL18-UCONN-S57-MG2",0.00546701836363078,0.455866764347984,-0.0845940410732967,9.54215416426236
"SL18-UCONN-S57-MG3",0.00546701836363004,0.455866764347977,-0.0845940410732964,9.54215416426225
"SL18-UCONN-S5-FG1",0.10643461676697,0.884831758789883,0.0497093550490191,-3.42942730411459
"SL18-UCONN-S5-FG2",0.10643461676697,0.88483175878988,0.0497093550490194,-3.42942730411455
"SL18-UCONN-S5-FG3",0.10643461676697,0.884831758789878,0.0497093550490195,-3.42942730411471
"SL18-UCONN-S5-MG1",0.195072090604208,1.63435076086015,0.0603098662068731,9.90337137587344
"SL18-UCONN-S5-MG2",0.10643461676697,0.884831758789879,0.0497093550490193,-3.42942730411453
"SL18-UCONN-S5-MG3",0.106434616766971,0.884831758789888,0.0497093550490192,-3.42942730411445
"SL18-UCONN-S73-FG1",0.0139046017751003,0.102531449844836,-0.0187548840651244,13.6801958461251
"SL18-UCONN-S73-FG2",0.0139046017751001,0.102531449844834,-0.0187548840651241,13.680195846125
"SL18-UCONN-S73-FG3",0.0139046017751,0.102531449844833,-0.0187548840651245,13.680195846125
"SL18-UCONN-S73-MG1",0.0139046017750999,0.102531449844832,-0.0187548840651243,13.6801958461249
"SL18-UCONN-S73-MG2",0.0139046017751005,0.102531449844837,-0.0187548840651244,13.6801958461251
"SL18-UCONN-S73-MG3",0.0139046017750999,0.102531449844832,-0.0187548840651247,13.680195846125
"SL18-UCONN-S78-FG1",-0.0292966442416112,-0.35592310744576,-0.0486974073265343,-24.9585243354567
"SL18-UCONN-S78-FG2",-0.0253538166943099,-0.260471338759103,-0.0537388932477396,-22.4346703380218
"SL18-UCONN-S78-FG3",-0.0253538166943103,-0.260471338759108,-0.0537388932477392,-22.4346703380219
"SL18-UCONN-S78-MG1",-0.0253538166943103,-0.260471338759108,-0.0537388932477393,-22.4346703380219
"SL18-UCONN-S78-MG2",-0.0253538166943101,-0.260471338759105,-0.0537388932477392,-22.4346703380217
"SL18-UCONN-S78-MG3",-0.0253538166943102,-0.260471338759106,-0.0537388932477393,-22.4346703380218
"SL18-UCONN-S94-FG1",0.0808989474350948,0.998573898774691,-0.105335474168723,65.9752751689759
"SL18-UCONN-S94-FG2",0.0712134042644161,0.967886657004869,-0.11130139493912,58.5004822533273
"SL18-UCONN-S94-FG3",0.0746239951882567,0.965355771064029,-0.107863303722665,72.2929058032203
"SL18-UCONN-S94-MG1",0.0808989474350939,0.998573898774685,-0.105335474168724,65.9752751689757
"SL18-UCONN-S94-MG2",0.0808989474350942,0.998573898774687,-0.105335474168723,65.9752751689758
"SL18-UCONN-S94-MG3",0.0808989474350947,0.998573898774693,-0.105335474168724,65.975275168976
"SL18-UCONN-S11-FG1",0.0782734346851115,0.559691862446334,0.0227967103650649,21.3266312713485
"SL18-UCONN-S11-FG2",0.0782734346851118,0.559691862446338,0.0227967103650642,21.3266312713485
"SL18-UCONN-S11-FG3",0.0782734346851113,0.559691862446333,0.0227967103650646,21.3266312713485
"SL18-JS-19-FG5xSL18-OI-4-MG1",-0.106600400760293,-1.12370423764808,0.0820558141727195,-33.6854598034608
"SL18-UCONN-S157-FG2xSL18-OI-17-MG3",-0.072230507080962,-1.07485760728744,0.0995597014421805,-29.4036549289184
"SL18-CC-3-FG1xSL18-OI-7-MG2",0.229044483506793,2.39723589253454,-0.0308055189925341,11.9848366598661
"SL18-JS-5-FG1xSL18-CC-7-MG1",-0.211634100759369,-1.59352802528797,-0.242078011299934,3.5531510430879
"SL18-UCONN-S142-FG3xSL18-OI-15-MG1",0.0240825250482532,0.374842792412824,-0.0113181773416061,8.69152403804937
"SL18-CC-6-FG3xSL18-OI-11-MG2",-0.0758441887769439,-0.664321986465301,-0.0657559131025496,-23.4339461056519
"SL18-UCONN-S157-FG3xSL18-LD-2-MG2",-0.208626875384483,-2.55813605919303,0.307831316429614,-50.9459538266295
"SA18-CB-10-FG6xSL18-NC-2-MG1",0.497985021498903,3.08678265056124,0.135242959453865,86.1315105132944
"SL18-UCONN-S57-FG2xSL18-OI-11-MG3",0.0250483276674342,1.39208741590779,-0.140144993295791,21.2077702406073
"SL18-CC-12-FG2xSA18-CB-7-MG1",0.375285354219522,3.9125349957725,-0.0331906656159779,55.8588036437185
"SL18-CC-12-FG3xSL18-JS-6-MG1",0.038803254825195,0.568829982268195,0.282708684296305,10.8642078059952
"SL18-JS-5-FG2xSL18-CC-2-MG6",-0.0953748102862313,-0.332762502817254,-0.207152791690694,-18.1250135006604
"SL18-UCONN-S94-FG3xSL18-OI-15-MG1",0.104885369067521,1.27908567686177,-0.119690446493715,82.4872170858441
"SL18-UCONN-S142-FG2xSL18-OI-15-MG1",0.0142838955299261,0.328198699189192,-0.0191167190094146,10.5653888832128
"SA18-CB-10-FG6xSL18-OI-15-MG2",0.483135327405343,3.56406289548057,0.084291615378618,49.987453363559
"SL18-JS-6-FG2xSL18-NC-2-MG3",-0.10415460947493,-0.927982388281677,0.116054373606934,19.5805327045628
"SL18-JS-5-FG1xSL18-CC-7-MG2",-0.209322274314843,-1.65462482042667,-0.207291377184703,-12.4943520198355
"SA18-CB-4-FG6xSL18-NC-2-MG3",0.163890330755016,1.55370836925871,-0.0419597006158325,40.6335827136111
"SL18-UCONN-S94-FG3xSL18-OI-17-MG3",-0.00423117884921603,0.0431368569923154,-0.0902516679551141,48.9325472766562
"SL18-UCONN-S2-FG3xSL18-NC-2-MG3",-0.000457422017480115,-0.116696073628015,0.0182625269480822,23.6319773701893
"SA18-CB-4-FG6xSL18-NC-2-MG1",0.333980401669773,2.32491566099327,0.0439760140779473,64.188129777908
"SL18-UCONN-S142-FG1xSL18-OI-17-MG3",-0.120809091266257,-1.25273781511628,0.0216835948694375,-25.3958923204027
"SL18-CC-9-FG1xSL18-OI-18-MG1",-0.0515298435725706,-0.665969543910363,0.106557112389935,-26.994884029738
"SL18-SF-13-FG2xSL18-NC-2-MG3",0.0904946849688265,0.706944939954399,0.0022258932331568,37.0251463621527
"SL18-CC-1-FG2xSL18-OI-11-MG2",0.070975556600858,0.54676639296401,-0.00367487124812076,-10.0226237899103
"SL18-JS-16-FG1xSL18-CC-7-MG1",-0.216898674580322,-1.75871112718363,-0.102641397989216,0.96852088566869
"SL18-JS-9-FG3xSL18-NL-2-MG1",-0.225792765244496,-2.2522158375973,-0.036387598662483,-10.7674185533592
"SL18-NC-15-FG2xSL18-OI-11-MG2",-0.110361082733738,-1.0740851502258,-0.0472390983649819,2.55865234739894
"SL18-CC-1-FG2xSL18-CC-2-MG6",0.0540867488836107,0.736698268170919,-0.0721792369447644,-11.8144508999524
"SL18-NC-15-FG2xSL18-CC-2-MG6",-0.127249797878534,-0.884152481074937,-0.115743450557966,0.766828867434444
"SA18-CB-2-FG3xSL18-JS-19-MG1",0.104182820484235,1.11133947619214,-0.017367053676053,3.67933189625521
"SL18-CC-5-FG3xSL18-NC-2-MG1",0.149025121074439,1.02223493200039,-0.0578382354062927,39.2128724268582
"SL18-JS-5-FG1xSL18-OI-18-MG4",-0.144670032926487,-1.21232532231256,-0.0917289106140084,-27.2913461860722
"SL18-UCONN-S57-FG1xSL18-OI-11-MG1",-0.00755031758418647,0.384950400536648,-0.0829642863735348,6.08302702356622
"SL18-JS-5-FG2xSL18-CC-7-MG2",-0.153207345079511,-1.14750860173395,-0.144760789236015,-10.3346634585787
"SL18-CC-6-FG1xSL18-OD-10-MG1",0.169072595656331,1.25644390397411,0.00639472147082842,-15.6178760357735
"SL18-UCONN-S2-FG1xSL18-NC-2-MG3",0.0524034839224182,0.471200352271749,0.0123597951080742,37.1747115083128
"SL18-JS-19-FG3xSL18-OI-7-MG2",-0.0240955772406333,-0.00801860806219316,-0.0763278229277409,-21.1666499635736
"SL18-NC-12-FG2xSL18-OD-6-MG2",-0.200545607948874,-1.93542657655414,0.00737960858295204,-8.60035758122009
"SL18-UCONN-S142-FG1xSL18-OI-15-MG1",-0.0116924193064655,-0.0167878799218581,-0.00775516250703977,8.15877566681892
"SL18-CC-6-FG3xSL18-CC-7-MG1",-0.152877037338136,-1.22803626362207,-0.106654921356683,-1.38789267727527
"SL18-LD-13-FG2xSL18-OD-3-MG1",-0.103494762926039,-0.859756262163842,0.0459515191496436,-18.0877563553494
"SL18-SF-13-FG2xSL18-UCONN-S5-MG1",0.31372229739744,2.4742053008799,0.0770633485411693,20.5504025848214
"SL18-UCONN-S57-FG3xSL18-OI-11-MG3",0.0126691549102693,1.15681095472382,-0.129871236921662,12.2585451909985
"SL18-JS-16-FG1xSL18-OI-18-MG4",-0.149934657160047,-1.37750897936602,0.0477077144145262,-29.8759752395378
"SA18-CB-10-FG6xSL18-NC-2-MG3",0.327894907996847,2.31557578970774,0.0493072073272945,62.5769728614581
"SL18-SF-13-FG2xSL18-NC-2-MG1",0.260584677467752,1.47815155188637,0.0881616051097795,60.5796626471359
"SL18-JS-16-FG3xSL18-JS-9-MG3",-0.210156588153922,-1.8008253250711,-0.0795207106829498,-27.3886066042929
"SL18-NC-12-FG1xSL18-NL-9-MG2",-0.14357341434995,-1.22546066902815,-0.108434491874585,-23.3764479165656
"SA18-CB-10-FG6xSL18-JS-6-MG1",0.299099750681669,1.77696884134063,0.378209058251147,25.6831027982038
"SA18-CB-4-FG6xSL18-OI-15-MG2",0.319130825365536,2.80219641784445,-0.00697531878765527,28.0440705188135
"SL18-JS-5-FG2xSL18-OI-11-MG2",-0.07848619373807,-0.52269617644107,-0.138648444173251,-16.3331915917086
"SL18-CC-3-FG3xSL18-UCONN-S157-MG1",0.156485700152372,1.65407382382577,0.0568214028428329,-1.07125662700161
"SL18-CC-3-FG3xSL18-OI-15-MG1",0.188745903321191,2.0999453719707,-0.0272874177679799,18.2419590975092
"SL18-NL-10-FG2xSL18-OI-11-MG1",-0.0116061326098483,0.0702508719366639,-0.0277218770423863,-0.656166087478744
"SL18-CC-5-FG1xSL18-OI-15-MG2",0.0739490412616178,0.795715715358007,-0.0554836171061964,4.3302877064678
"SL18-UCONN-S157-FG3xSL18-OI-17-MG3",-0.202060980126911,-2.25509358290686,0.103975595159479,-45.2873641111484
"SL18-JS-16-FG1xSL18-CC-2-MG6",-0.156754332185925,-1.00506212774433,-0.130246747321248,-22.8693278489658
"SA18-CB-5-FG3xSL18-NL-5-MG1",0.0204977343915878,0.181063332483452,-0.00797440201656803,-30.6192326049683
"SL18-UCONN-S94-FG2xSL18-OI-17-MG3",-0.0076418233518387,0.0456673004991894,-0.0936897732231431,35.1401074255478
"SL18-JS-9-FG3xSL18-JS-5-MG2",-0.159340365160615,-1.3585098704579,-0.186554406032479,1.63854752116274
"SL18-CC-6-FG3xSL18-OI-18-MG1",-0.0729600237783383,-0.881165741427495,0.101014192290184,-40.7869724267533
"SA18-CB-1-FG2xSL18-LD-1-MG1",-0.0155011855833254,-0.508653896281265,0.135447205656597,-24.9127517822492
"SL18-SF-13-FG2xSL18-UCONN-S2-MG3",0.193911750963753,1.29968277163118,0.0506968321784646,9.31913763243759
"SL18-JS-5-FG1xSL18-JS-11-MG3",-0.187712705856691,-1.409020193134,-0.269890322849899,-11.0242719255326
"SL18-CC-5-FG1xSL18-NC-2-MG1",0.0887986194146627,0.318434799388045,-0.0045322360989779,40.4743308590146
"SL18-CC-6-FG2xSL18-OI-18-MG1",0.0704455818870064,0.341157055918136,0.0962068433691826,-25.4218388691261
"SL18-NC-1-FG1xSL18-NL-6-MG3",-0.0783260366897859,-0.539787445153418,-0.101912582654375,29.2603878065774
"SL18-OI-17-FG1xSL18-NC-2-MG3",-0.00769637251598382,0.296633809791793,-0.0406645079072918,29.3089585216268
"SL18-JS-16-FG1xSL18-OI-18-MG3",-0.193702779822306,-1.82931649714576,0.0613756990608519,-36.3568927735867
"SL18-CC-5-FG3xSL18-NC-2-MG3",-0.0210648040632924,0.251028934387931,-0.143773935069335,15.6583585469536
"SL18-NC-15-FG1xSL18-OD-10-MG2",-0.0554906020654443,-0.672998255586642,0.0088743235515399,14.9645079021044
"SL18-CC-1-FG2xSL18-CC-7-MG2",-0.00374560852076022,-0.0780459597222744,-0.00978723177355201,-4.02408823120466
"SL18-CC-6-FG3xSL18-CC-2-MG6",-0.0927327628188091,-0.474387979042101,-0.134260278359036,-25.2257567641124
"SL18-UCONN-S57-FG2xSL18-OI-11-MG1",0.0394725350651905,1.05549079687225,-0.105951491266527,19.5295342232731
"SL18-JS-19-FG3xSL18-LD-1-MG3",-0.172128520590313,-1.81926019391082,0.0679810333012155,-55.6216858056648
"SL18-CC-3-FG3xSL18-JS-19-MG1",0.176897773576326,2.02529912367922,-0.00960103185907138,-1.49014953599687
"SL18-UCONN-S78-FG1xSL18-OI-11-MG2",-0.0314883241522769,-0.432980481181141,-0.0696787689749199,-33.545977559015
"SL18-JS-6-FG2xSL18-NC-2-MG1",0.0659353796243351,-0.156776020587503,0.201990109749397,43.1350600448805
"SL18-CC-3-FG3xSL18-UCONN-S157-MG2",0.204117210095363,2.15973731286809,0.0542190799310915,4.7389093398647
"SL18-CC-5-FG2xSL18-JS-6-MG2",0.0696133408401444,0.748196536861109,0.0725478589003176,8.57476135486716
"SL18-CC-9-FG1xSL18-OI-11-MG2",-0.0544139230891412,-0.449125010499274,-0.0602130190217277,-9.64185166809457
"SL18-UCONN-S94-FG2xSL18-OI-15-MG1",0.101474825124468,1.28161701013273,-0.123128530309792,68.6947831548875
"SL18-JS-5-FG2xSL18-CC-7-MG1",-0.155519139628405,-1.08641157898401,-0.179547418815401,5.71283645556835
