"","pedigree","gpSex","WWP","DWpM","PDW","BDns","BLen","BMax","BThk","SLen","SDia"
"SL18-OI-4","SL18-OI-4",NA,0.0253369176860219,0.00193168944602638,6.22311719352116e-10,-17.4996891753807,-0.000763464250321855,-0.0137201319939359,-0.466938391006005,-0.130861506345325,0.0281680640850882
"SL18-OI-5","SL18-OI-5",NA,0.0328126449226654,0.00661816961527097,7.4506395885626e-10,-6.55321280476001,-0.00687410335784663,-0.037024464713765,-0.128892441850122,-0.101962566344245,-0.0302251204965453
"SL18-OI-6","SL18-OI-6",NA,-0.0477472831369527,-0.0237395080369005,-3.08661854442345e-10,-57.92620567868,-0.048298865502051,-0.21026714774742,-0.245043669364796,-0.509209979818151,-0.256698745638117
"SL18-OI-11","SL18-OI-11",NA,0.0457428225422911,-0.00341350322977224,-1.13852847465429e-10,-9.09893626178842,0.00205147813210926,0.296638163083233,-0.272803091275505,0.201712067327603,0.214436782857151
"SL18-OI-15","SL18-OI-15",NA,0.2956182451323,0.0644940063306667,-2.28116701692243e-10,21.0589036137085,-0.0402756489720914,-0.156327451762751,-0.0512710946064903,-0.263884388055362,0.0202878673097264
"SL18-OI-16","SL18-OI-16",NA,0.0837389861156383,0.0123806407013647,1.18312802977672e-10,28.3504435806267,-0.0183071873100313,-0.215810491866873,-0.259049157928877,-0.369235707160602,-0.272211210660371
"SL18-OI-17","SL18-OI-17",NA,-0.0553269727525572,-0.0119697547134279,-5.03455605666683e-10,-18.6355983405436,-0.00553097071235493,-0.196061017163731,-0.478044448095333,-0.188899673721312,-0.640444183715154
"SL18-OI-18","SL18-OI-18",NA,-0.0605582981504383,0.00893660374338919,4.09614726070445e-09,-51.402945546954,-0.0358127731568981,-0.0358526653701564,0.0200893149609501,-0.166798123913437,0.212677114400446
"SL18-LD-1","SL18-LD-1",NA,-0.265000923876882,-0.0519180638510843,4.64864209117737e-09,-23.6519572392853,0.004050999412585,0.0632527435240417,0.0208131763471517,0.146958966480811,0.16931120164825
"SL18-LD-3","SL18-LD-3",NA,-0.160971612267608,-0.0395349746867535,3.23946690712615e-09,-29.3887401963841,0.0214079867357414,0.133624167256646,-0.124458985410887,0.0310768049187264,-0.0132737208383641
"SL18-LD-4","SL18-LD-4",NA,-0.218798052685088,-0.0517434542319576,4.23658528041247e-09,-46.8408741702751,0.0197897230603818,-0.22305362218908,0.0959424629024738,-0.092591646080607,0.315567601369582
"SL18-LD-5","SL18-LD-5",NA,-0.110501998970187,-0.0445492478748227,1.64114741789972e-09,-39.3068809436409,0.0124656933322356,-0.0250587975333375,0.107972520286135,-0.0299907211511898,0.263521945547448
"SL18-LD-9","SL18-LD-9",NA,-0.276617449909636,-0.0483579771671645,4.49872491596753e-09,-63.684292388871,0.0249587677081159,0.0572957057581709,0.228086813453203,-0.203865971062589,-0.01661119171594
"SL18-LD-10","SL18-LD-10",NA,-0.136191468195641,-0.0264612641463847,4.11166331663693e-09,-17.1873761834345,0.00663860640796431,0.238360154231813,0.666842143162585,-0.0940523504812473,0.0866898133532134
"SL18-LD-13","SL18-LD-13",NA,0.0102851153010185,0.00294406741831016,3.46709056816612e-09,21.6120753487126,0.00345514887686574,0.212604972742278,-0.280844490992289,-0.188477613439875,-0.0379418820173936
"SL18-FW-2","SL18-FW-2",NA,0.115349391144151,0.0233840554625861,4.56825308438203e-10,0.376983764796237,0.0050285015147827,-0.0233759124551684,0.0500154727377711,-0.0482270205422052,-0.112072846956087
"SL18-FI-1","SL18-FI-1",NA,0.115660878998886,0.0252931564115565,5.62714944113378e-10,-5.62599265073712,0.000358816819977973,-0.0168925557006483,0.0963172542224751,-0.0948789693221946,-0.144729993250496
"SL18-FI-2","SL18-FI-2",NA,0.0928791739511797,0.0207819836362534,6.78411601308303e-10,-10.1267610898482,0.00315569162742829,-0.00828508939307364,0.109916112315966,-0.0520699334810278,-0.0869414800888524
"SL18-CC-1","SL18-CC-1",NA,0.0511502691320048,0.0107380520530554,1.5859808600262e-10,0.420361029318468,0.00247243962816927,-0.0271923776397015,-0.020299844046028,-0.0231091098770728,-0.0414820776147752
"SL18-CC-2","SL18-CC-2",NA,0.0619277907111457,0.0116403569380628,6.70964738065776e-12,3.39330689901275,0.0027631783156023,-0.0126653119474714,-0.0184381958200541,-0.0364876787069194,-0.0897045710473262
"SL18-CC-3","SL18-CC-3",NA,0.0209793349183961,0.00377338973728075,8.93563098919142e-11,0.867974883405603,0.00349341064625174,-0.00065258953027611,-0.0250713134584772,-0.0289532293352412,-0.0759025607127794
"SL18-CC-4","SL18-CC-4",NA,0.0561626536407647,0.0114013606252909,-8.44906445802005e-11,7.66753202382557,0.00101268454829443,0.00626898188150176,0.00247818582173177,-0.0262091352836624,-0.0730608803320644
"SL18-CC-5","SL18-CC-5",NA,0.0481789061132056,0.0100233706898913,1.47445226637373e-10,2.22697599056001,0.00300210881897521,0.0392183348055193,-0.038576730456451,-0.00940273239403148,-0.0223782956369358
"SL18-CC-6","SL18-CC-6",NA,0.0312747261830922,0.00777132292858657,2.5235822976605e-10,2.01964120574729,0.00586239515184455,0.0271259570420256,0.00605626424048196,0.01543540249521,-0.0212831667969005
"SL18-CC-7","SL18-CC-7",NA,0.0483172496014431,0.00974405341721699,4.36487972985778e-10,0.364480285371917,0.00764651885587265,-0.00184158612509448,-0.0110412156602114,-0.0435016409937067,-0.13561295259869
"SL18-CC-8","SL18-CC-8",NA,0.0486048416188446,0.0103081384104095,2.54560208067459e-10,4.97744589374206,0.00498548152551637,-0.0242487486537749,0.0186707347234427,-0.0395343586208401,-0.065090613520619
"SL18-CC-9","SL18-CC-9",NA,0.043597645404993,0.00881486266664973,2.93805639257523e-11,3.59570257653467,0.00235001712269869,0.00557349775264031,0.00478877836270847,-0.030851524453804,-0.0700332439305312
"SL18-CC-10","SL18-CC-10",NA,0.025749219790193,0.00515676074064647,2.38614780763723e-11,0.826431854455189,0.00522504346164425,0.0185343458161089,0.00166118833246659,-0.0065283475853334,-0.0211611761271982
"SL18-CC-11","SL18-CC-11",NA,0.0325672095472146,0.00699852000703127,2.27149977649024e-10,0.686856058841844,0.00321462874626646,0.0123894220141996,0.0140009190422425,-0.0339561081594204,-0.0498693997972964
"SL18-CC-12","SL18-CC-12",NA,0.028168574935632,0.00575395676183924,1.87614037656765e-10,2.52605643580613,0.00642794471213292,0.00925998480274799,0.0126194744109894,0.039660893706276,0.0315571579032383
"SL18-FW-14","SL18-FW-14",NA,0.117658405706057,0.0247566604314341,1.39292329772129e-10,0.388139948117805,0.00224486602379768,-0.058335718776557,0.100944674751204,-0.0714785223157286,-0.0938382356504006
"SL18-NC-2","SL18-NC-2",NA,-0.025027122353677,-0.00437483140425912,-1.51165205637791e-09,12.2997915837605,0.00133653558643708,-0.00913317613679675,0.0145149412111136,0.112691173651351,0.0715781601050559
"SL18-NC-1","SL18-NC-1",NA,0.0103874799896344,0.00345578732608957,-9.3308475272068e-10,17.7591811047627,0.00115877535389387,0.00821520135838217,-0.0436344344249452,0.109431408694903,0.0312614390592843
"SL18-NC-5","SL18-NC-5",NA,-0.0285438508541604,-0.00312771457370864,-1.0482139094135e-09,8.15408700467298,-0.000962892892165588,0.0119305651676637,0.0197352315281611,0.0945663011684368,0.0312802856682935
"SL18-JS-6","SL18-JS-6",NA,0.00616026138485632,0.0010045639561872,-1.38540062054212e-09,12.8905150063377,-0.00157459948593096,0.00934688673138848,-0.0235355475132649,0.072866697259038,-0.0063338435226022
"SL18-JS-5","SL18-JS-5",NA,-0.0250266428865988,-0.0032959150427788,-1.20724408192782e-09,6.50850047854833,-0.0040020529976291,0.0169683949690899,0.0407142849845921,0.0886770212357349,0.0490842719085357
"SL18-JS-9","SL18-JS-9",NA,-0.0147162693154643,-0.00298633418938,-1.85440804440925e-09,12.4193684913825,-0.00294901078813343,0.00537742866665442,0.0194855706224616,0.111653231561932,0.0789186019915661
"SL18-NC-8","SL18-NC-8",NA,-0.00634707227592613,0.00167912684590207,-6.64898395624676e-10,7.24829191693182,-0.00148254805197994,0.00435839454512203,-0.0101703776791492,0.04167528599659,0.0100942380412125
"SL18-NC-10","SL18-NC-10",NA,-0.0339753889860573,-0.00417616953977499,-1.11697366951147e-09,10.4248615442077,0.000498751253579855,0.0139863581785195,0.0531007909993157,0.146516359316174,0.114438328031339
"SL18-NC-9","SL18-NC-9",NA,-0.0185526549250447,-0.00313733814873571,-1.13877426124008e-09,7.14248660857977,0.00230482810593702,0.0427843726883088,0.000423303142830857,0.137513012675114,0.0831130362570967
"SL18-NC-12","SL18-NC-12",NA,-0.0152277843499523,-0.00174528104921802,-1.02001568701055e-09,6.25174458059301,-0.00167822502288156,-0.0072905587709474,-0.0237609545596337,0.0321193607392232,0.00574849939351983
"SL18-NL-2","SL18-NL-2",NA,-0.111505203977489,-0.0178777322200517,-2.02202121219902e-09,-14.6180605566181,0.0100208227438294,0.251941154821534,0.213847599733036,0.321269353088144,-0.103565296537577
"SL18-NL-3","SL18-NL-3",NA,-0.0535502396196889,-0.00247526853068791,-4.43073417412753e-10,15.6831112007949,0.00369375762892263,-0.022939393675899,-0.162168905671542,0.0959683042504603,-0.148455697092066
"SL18-NL-5","SL18-NL-5",NA,-0.176954828036052,-0.0294619347101455,-1.2256556556115e-09,13.2470395923447,0.011447600433519,-0.122064732280478,-0.0922154434407335,-0.01501405514921,0.125721354506805
"SL18-NL-7","SL18-NL-7",NA,-0.144759650264567,-0.0217823337652139,-1.48384243041046e-09,-10.5206784741905,0.00306276075458722,0.0359462552280988,-0.0685102420742329,0.551508163764679,0.54046044931496
"SL18-NL-6","SL18-NL-6",NA,0.192666011503838,0.0392273122102326,-5.70207099713408e-09,103.513684417763,-0.00320180335017479,-0.163137425355847,0.255897280748204,0.466807869916663,0.439989924788893
"SL18-NL-9","SL18-NL-9",NA,-0.133888889242659,-0.0418240212009142,-5.9379004812191e-09,25.0866099634258,0.00592579473397576,-0.00474573970623794,-0.0202482771176599,0.0939232985874461,0.317991414220937
"SL18-NL-10","SL18-NL-10",NA,-0.0985678428157502,-0.0215815165533898,-3.06124517560687e-09,30.7326086785404,-0.0367537273628524,0.203739137819974,0.182083184553181,0.0857087548174355,-0.077043022571933
"SL18-JS-19","SL18-JS-19",NA,0.00224444568765606,0.00214685685461819,-1.1937302045434e-09,13.8359642231119,-0.000675049365546891,0.0241202767117941,-0.00460033834252124,0.0662862747275057,-0.00136434545639935
"SL18-JS-16","SL18-JS-16",NA,-0.0124579488495651,-0.0010438988996079,-1.36659644290018e-09,12.8801420824927,-0.00181856249555063,0.00361297480370006,0.0235621534642663,0.093248960886485,0.0341190752924518
"SL18-JS-11","SL18-JS-11",NA,-0.0147294472004693,-0.00156595697270919,-1.37427294855242e-09,13.4327714998033,-0.00283803775602066,0.00431573499409835,0.0295560853836797,0.108778283424937,0.075202014283638
"SL18-BL-10","SL18-BL-10",NA,0.123755820982335,0.0245209843743288,3.91107095310581e-10,1.324439883619,0.00314488599202954,-0.0138304778416241,0.0857876730870143,-0.0652716076627225,-0.117750930498784
"SL18-BL-11","SL18-BL-11",NA,0.092804845203283,0.0188714359188495,4.22651847563681e-10,-4.80901796951474,0.00286501673762394,-0.0335700165887559,0.118017104658415,-0.0812921618176537,-0.104533539008615
"SL18-BL-12","SL18-BL-12",NA,0.101863224650036,0.0197482566349737,3.10549300218498e-10,-8.47150277445316,0.000914376404517766,-0.0306051759384158,0.0803340523086576,-0.0691919268618729,-0.108375974679947
"SL18-BL-13","SL18-BL-13",NA,0.130201372055884,0.025725754755801,1.88661384323145e-10,3.89174010389221,0.00547976589485325,-0.0267001149100477,0.0538971973953331,-0.0821473241149974,-0.157451167381031
"SL18-BL-14","SL18-BL-14",NA,0.116086034015303,0.0237594924394824,4.07135523050728e-10,-0.458389962214994,0.00454784354981564,-0.0366224182266153,0.0779947761920507,-0.0639693955853429,-0.126571439987406
"SA18-CB-10","SA18-CB-10",NA,0.244199285682188,0.0421763041431593,-1.6770382719769e-09,14.3995385366503,0.0007035065951722,-0.130691873511672,0.285123830809701,0.0603236328812572,0.0216422938947077
"SL18-OI-2","SL18-OI-2",NA,-0.203584810568234,-0.0382738091358067,1.52858618700018e-09,-51.2047946110191,-0.00596609343614261,0.0280678374727487,-0.0475039615579291,0.142725337059334,-0.224684322011377
"SL18-OI-7","SL18-OI-7",NA,-0.010277974915493,-0.00299283229955764,-5.55421778609184e-10,64.3887155030794,-0.0164717320097111,-0.0337566198686809,0.175357870046067,0.0898749154595825,0.295827818693438
"SL18-OI-9","SL18-OI-9",NA,0.068758035671685,0.00816300934677215,-8.26917044016872e-10,23.3841341224799,-0.0051627951484263,-0.0173854988451077,-0.186302384474397,-0.277299033299994,-0.945793223507632
"SL18-SF-13","SL18-SF-13",NA,0.0305129003697511,0.0231284463822858,2.45854882288079e-09,7.29673938122271,0.000381235056863658,-0.130674527933118,-0.0650985197496021,-0.454779015042844,-0.261293784868107
"SL18-SF-17","SL18-SF-17",NA,0.0395312584384298,0.0133912486010886,-8.9380560209566e-10,-5.38614523177799,0.0238976807664161,0.292975871138944,0.439520932883038,-0.175493670845428,0.313402184599138
"SA18-CB-4","SA18-CB-4",NA,0.115444974543167,0.00141756642338286,-3.36435587490734e-09,-28.9199156459116,-0.0160056713031859,-0.23496687862766,-0.0749458778724777,-0.156927985892225,-0.246878959810576
"SL18-LD-2","SL18-LD-2",NA,-0.299034295627937,-0.0361245586829599,8.18653476855113e-09,-52.1279418246799,0.0206288294629277,0.00250472751958062,-0.233032479679287,0.19482200828366,0.0918804113574946
"SA18-CB-7","SA18-CB-7",NA,0.394363953338136,0.08582036948491,-1.582352467621e-09,5.90080347646962,-0.00218990456611682,-0.0272474157961861,-0.045544613767346,0.426008316797902,0.0147274346277309
"SL18-LL-9","SL18-LL-9",NA,-0.223775537948245,-0.049322364327034,-1.92040229357144e-09,-54.3484534910758,0.0247411846125765,-0.0471582267391613,0.473836356919705,0.387538367588441,0.102887050987815
"SL18-SF-19","SL18-SF-19",NA,0.0466772080933488,0.0221340713961686,5.92713246184164e-09,59.2818264514863,0.00422175495032064,0.181814171671113,0.135931648101893,0.0176807870643996,0.352274058323324
"SL18-OI-14","SL18-OI-14",NA,0.129205949874919,0.0317708852812802,-3.57018584116725e-10,-0.614395206562681,0.000423429505562551,-0.246959796807536,-0.0511908901795547,-0.263402398727041,-0.0490635742784415
"SL18-SF-15","SL18-SF-15",NA,0.33290821906397,0.0618249325796526,-2.9546055706165e-09,35.5975388847512,-0.0210880654349992,0.0155475899851101,-0.0126830087456944,0.229925879329633,-0.449388739144385
"SA18-CB-2","SA18-CB-2",NA,-0.0959670367607746,-0.0151171010192225,1.01610411543241e-09,-30.4120447189158,0.0136688447328053,0.222047612949401,0.0177484680983034,0.0171933691268833,-0.0732968891578786
"SA18-CB-5","SA18-CB-5",NA,-0.234624246398268,-0.034126042843775,1.51805335685519e-09,-21.220681973881,0.00833544982636189,0.0204056706156697,0.193407713723744,0.141150072599858,0.372923677515939
"SA18-CB-1","SA18-CB-1",NA,0.243248627833286,0.0407421438626028,-1.08036477300689e-09,24.9128875577594,0.0156086515548074,-0.177340831632063,-0.00804895221132291,-0.395482601788604,0.135114706570988
"SA18-CB-3","SA18-CB-3",NA,0.174701435873128,0.0125726357982643,-2.7501817160274e-09,3.48940977842893,0.0209912242680379,0.293125040392417,-0.127558718172316,-0.0668223976729747,-0.0343968529594329
"SA18-CB-10-FG1","SA18-CB-10-FG1","F",0.447802701846962,0.0701236934680501,-2.97337091802357e-09,34.6761988869742,-0.000615619192528724,-0.313418538115912,0.37444951188581,0.4016575513143,-0.586123019352354
"SL18-LD-10-FG1","SL18-LD-10-FG1","F",-0.245660118355461,-0.0415961347658717,5.33137785459309e-09,-42.0959062474564,0.0274137040782668,0.538451547622952,0.575049817648222,0.32023601182832,0.250237911982263
"SL18-NL-6-FG1","SL18-NL-6-FG1","F",0.633107239449783,0.130331395504202,-1.08705163039482e-08,252.047612491266,-0.00420068475522127,-0.219068901947919,0.189201513522115,0.0761193848891879,0.27252260493638
"SL18-LD-10-FG2","SL18-LD-10-FG2","F",-0.18247993406064,-0.0282059745212934,5.09958987612634e-09,-2.18123076285151,-0.0064673874949434,0.307024190466189,1.26240994147497,-0.0995849105903118,0.408450712199221
"SL18-NL-9-FG2","SL18-NL-9-FG2","F",0.0693904323775292,-0.0341668145647646,-8.20902045908383e-09,89.4566152432754,0.0114625363869868,-0.256384469617243,0.313282837906736,0.206612234670908,0.223792861207726
"SL18-OI-11-FG1","SL18-OI-11-FG1","F",0.133612445371045,-0.0109134796136863,-2.11147608824151e-09,6.09719572756035,0.00634834874051581,0.578972917327419,-0.174296851407688,0.327450236714856,0.607438243355663
"SL18-OI-15-FG1","SL18-OI-15-FG1","F",0.45984840523952,0.0977480374985504,-9.15780932113383e-10,10.4148786472576,-0.0747094108174051,-0.685441942973017,-0.14959845167017,-0.0901551696826068,0.0808795009877879
"SL18-OI-16-FG3","SL18-OI-16-FG3","F",0.0990821102313712,0.0143281362507152,1.08147912127569e-10,57.0581779263072,0.00233892892807524,-0.473013701846997,-0.32708268989478,-1.012661710397,-0.799302683680151
"SL18-LD-13-FG2","SL18-LD-13-FG2","F",0.164869107624376,0.030306245937308,3.50002324332108e-09,46.0129052788725,0.0030111206705153,0.372555595555211,-0.821099871714679,-0.151325597650817,-0.737974738987296
"SL18-OI-17-FG1","SL18-OI-17-FG1","F",0.13758593425943,0.0204727850718486,-9.95869188198945e-10,3.05518413539036,0.00164795792124232,-0.246663914509128,-1.45391068938658,-0.372197039048074,-0.436672622622572
"SL18-OI-17-FG2","SL18-OI-17-FG2","F",-0.362781092138017,-0.0684546119690433,-1.29585735646084e-09,-50.5147653833868,-0.00578661804462232,-0.332864551605712,0.0337590309754108,-0.0945611133521105,-1.59050941499226
"SL18-OI-18-FG1","SL18-OI-18-FG1","F",0.06914544331447,0.0285033180546866,3.38324727714378e-09,-45.5932748339814,-0.0387312888987574,0.21407674989244,1.14943211843157,0.676314114420809,1.30406564506747
"SL18-OI-18-FG2","SL18-OI-18-FG2","F",-0.0471455912853064,0.0139780131845556,4.94214192811258e-09,-53.3079536271507,-0.0632899496156564,-0.136703489454542,-0.383447067499606,-0.321131242721968,0.490858121141222
"SL18-OI-18-FG3","SL18-OI-18-FG3","F",-0.0711999951282941,0.00701955604294008,4.38949381817644e-09,-73.4547348550109,-0.0374278198437666,-0.0645954608665607,-0.274178259623116,-0.505268963976733,-0.312864004739371
"SL18-OI-18-FG5","SL18-OI-18-FG5","F",-0.101369793564024,0.0334382095032348,7.44768797229233e-09,-70.4400791282185,-0.0490020869886594,0.207939309576549,0.660279387518008,0.155297122944126,0.297477756194636
"SL18-OI-18-FG6","SL18-OI-18-FG6","F",-0.0575908797355556,0.000388380595919309,3.46662155826579e-09,-43.2659405512122,-0.0314188693270107,-0.340369317248892,-0.990168469897204,-1.11886141367052,-0.153774512449163
"SL18-OI-2-FG2","SL18-OI-2-FG2","F",-0.289094346416788,-0.0510913156487346,2.03978008621362e-09,-80.9618076376946,-0.0106045090528257,-0.0069167310358286,0.303536178655246,0.355151424188722,-0.240019235330271
"SL18-LD-1-FG1","SL18-LD-1-FG1","F",-0.382996305919238,-0.0787759831484513,4.5920005630354e-09,-10.3540133737805,0.0138338398682906,-0.296250659543302,-0.520772091810983,0.340068133852278,0.161131625751538
"SL18-OI-2-FG3","SL18-OI-2-FG3","F",-0.321660085287913,-0.0637301117586855,2.54597847478693e-09,-72.6525761953626,-0.00729377125560211,0.0911202434540747,-0.446048063329032,0.0730245869892808,-0.434033730703864
"SL18-OI-6-FG1","SL18-OI-6-FG1","F",-0.171728392712425,-0.0692264760915153,-2.14664458704342e-09,-97.8320989583979,-0.0689635878017694,-0.234924369380569,-0.288621161109145,-0.599020213802777,-0.359987034617244
"SL18-OI-7-FG3","SL18-OI-7-FG3","F",-0.131717904060972,-0.0232852732986215,-1.23160920250917e-10,61.0689709523619,0.00199728250833851,-0.11149852565767,0.139406706852161,-0.181333928836508,0.830958431754804
"SL18-OI-9-FG1","SL18-OI-9-FG1","F",0.00661196647929152,-0.0051861656912225,-1.18767683720081e-09,25.4998103336702,0.0017623817628295,-0.0568858898173126,-0.482485485844113,-0.44829565817653,-1.14594835623918
"SL18-SF-13-FG1","SL18-SF-13-FG1","F",-0.00225283910615752,0.0264195606003152,3.84003583588177e-09,-11.8025285381596,-0.00642981524488075,0.13713309350741,0.253811290310614,-0.196603239562714,0.34086968419887
"SL18-LD-1-FG2","SL18-LD-1-FG2","F",-0.102648863011258,-0.0122275541440298,4.46675340818702e-09,-9.91916197668307,0.0178326251666499,0.352227583312131,0.695529352870046,0.487451214054726,1.10750795576065
"SL18-SF-17-FG1","SL18-SF-17-FG1","F",-0.0444896493793693,-0.0045861230463117,-4.11663912947772e-10,-24.1482256811242,0.0240565913633193,0.327940941554358,0.577796643890614,-0.295931887920922,0.372860966203767
"SL18-SF-17-FG3","SL18-SF-17-FG3","F",0.0704149341103699,0.00923255459768588,-2.75636865821036e-09,9.79005130083197,0.045837696745234,0.355533143161568,-0.0172478076865537,-0.322026261611146,0.163326330709241
"SA18-CB-10-FG2","SA18-CB-10-FG2","F",0.243863508780092,0.0481176182431617,-1.42620999352719e-09,5.14225353117116,0.0110159978847274,-0.00183408332967213,0.352013923742931,0.168315795590496,0.447810962300888
"SL18-LD-1-FG3","SL18-LD-1-FG3","F",-0.408075691779595,-0.0707114640254022,7.59401878931322e-09,-30.3037077150905,-0.00628879652227516,0.244820086512187,0.250278708207884,0.0763973927040123,-0.165456286990478
"SA18-CB-4-FG3","SA18-CB-4-FG3","F",0.123103129720876,0.00152230403039113,-3.86808180991349e-09,-39.9289695688389,-0.00578758615879242,-0.274106331630571,0.151995793436586,0.251420661657484,0.246467660534998
"SL18-LD-2-FG2","SL18-LD-2-FG2","F",-0.458818354326267,-0.0396604899754557,1.51608538080222e-08,-99.7119656038478,0.0501693563646459,-0.117486295547815,0.207132873329505,0.287135637808731,-0.128977314146925
"SL18-LD-3-FG1","SL18-LD-3-FG1","F",-0.302283178612371,-0.049212234819516,5.45834844849736e-09,-55.92033461915,0.0064050730549342,-0.0408939459976447,-0.100278252548881,-0.330753935866229,0.00984081160150351
"SL18-LD-3-FG2","SL18-LD-3-FG2","F",-0.11234798589162,-0.0476565357373594,2.1157877016433e-09,-11.6011510549234,0.0263919976870701,0.346339450893364,-0.921717704097461,0.0557041773534501,-0.083802368774949
"SL18-LD-4-FG1","SL18-LD-4-FG1","F",-0.138232208671876,-0.0533700820292094,3.34273558802015e-09,-21.4558523956687,0.0340883721202424,-0.131665798956512,-0.00621354658372262,0.0197929973276033,0.715369636636815
"SL18-LD-4-FG2","SL18-LD-4-FG2","F",-0.342187672908652,-0.0744577113113402,5.88246530532292e-09,-73.3583576772065,0.0231521066399134,-0.471582878948192,-0.0844259078419626,-0.447380977065499,0.668833812503779
"SL18-LD-4-FG3","SL18-LD-4-FG3","F",-0.30673152467413,-0.0639573353520713,4.97297736850963e-09,-76.3696534757228,0.0144034777887654,-0.435891643510759,0.428735087068683,0.103562978483198,-0.0741521830893778
"SL18-LD-5-FG1","SL18-LD-5-FG1","F",-0.208723103486295,-0.0555516325581048,2.02778215117268e-09,-59.8149624738848,0.00472012639394901,-0.273156098523489,-0.208955589684987,0.000973752982273098,0.480345781781832
"SA18-CB-7-FG1","SA18-CB-7-FG1","F",0.487933565773498,0.107527910857473,-1.67762810561632e-09,-0.610120398843305,0.0106974635634151,-0.185833271199357,-0.497502999442673,0.442629668333365,-0.347926161513189
"SL18-LD-9-FG2","SL18-LD-9-FG2","F",-0.382790631006054,-0.0700350444870395,4.62457969196289e-09,-92.6534296254959,0.0328998089367933,0.0281402389299432,0.430004558706291,0.259074691120262,0.740353842854412
"SL18-LD-9-FG3","SL18-LD-9-FG3","F",-0.330779675375461,-0.0520360681823362,5.51116809498488e-09,-75.0123113040448,0.0407237911550925,0.264224313549554,0.130172747843953,-0.486337215005972,-0.137766372566858
"SL18-LL-9-FG3","SL18-LL-9-FG3","F",-0.407904024911373,-0.0883310444361428,-6.46422169031514e-09,-56.8401116591913,0.0117248135818809,0.18535552439081,0.830657203874,0.503488757101896,-0.31610238723413
"SL18-NL-10-FG1","SL18-NL-10-FG1","F",0.187171248745543,0.00923216637860827,-5.62892945584971e-09,89.9258394866099,-0.0737394672869132,0.0734544857254286,-0.229149972996212,-0.267363277243057,-0.133244323324341
"SL18-NL-10-FG3","SL18-NL-10-FG3","F",-0.326214974596496,-0.0541716186250051,-2.26857969242355e-09,-0.149992916690307,-0.058643868262372,0.580731851395521,1.10998105249543,0.391885037327662,-0.323243639385689
"SL18-NL-2-FG1","SL18-NL-2-FG1","F",-0.0134255447546014,0.0215079273860506,-7.53129816846106e-10,5.85787071975152,0.0018416287723435,0.375275448135486,0.314069756275918,0.161376502798304,-0.521866870257319
"SL18-NL-2-FG3","SL18-NL-2-FG3","F",-0.285401333396148,-0.0543698019855229,-2.88468388584183e-09,-70.1485239200161,-0.00665744253129591,0.531048225798885,0.289901237872394,0.0725282023376299,-0.182540044726486
"SL18-NL-3-FG1","SL18-NL-3-FG1","F",-0.0924801043270642,-0.00137166728139776,1.1125680904739e-09,5.78764351367034,0.0157116594126369,-0.0393371677880051,-0.0398749867311001,0.251338630162338,-0.194335682395789
"SL18-NL-3-FG2","SL18-NL-3-FG2","F",0.297283551527503,0.0605814068641255,-1.71383078217728e-09,61.9438717941456,0.00616524135692631,0.0278468976146167,-0.272806415871032,-0.0367083133041835,-0.395012275714445
"SL18-NL-3-FG3","SL18-NL-3-FG3","F",-0.0206176333256629,0.000462618762570144,-6.92932327730351e-10,16.0428288036989,0.0104331397002023,-0.117194085985817,-0.358923572354588,0.0979782583244426,0.0858472467512557
"SL18-SF-19-MG2","SL18-SF-19-MG2","M",0.176117875585092,0.0359996671027723,5.85828333732568e-09,91.3843840586666,0.00258686982863116,0.328797311611578,0.400470258397969,-0.261196491516914,0.440437446008761
"SL18-OI-4-MG1","SL18-OI-4-MG1","M",0.0165862747882606,-0.00408260472419421,5.92980025155759e-10,-30.6730307946491,0.0110151465572794,0.056433617068085,-0.834298058388132,-0.177303911026243,0.123035296287785
"SL18-OI-11-MG2","SL18-OI-11-MG2","M",-0.0698878448688936,-0.0152408216917374,1.07582898620027e-09,-31.3234229160273,0.0164985011256352,0.430752177635163,-0.552707805849225,0.520012789942116,0.19920034972939
"SL18-OI-14-MG2","SL18-OI-14-MG2","M",0.258411899749838,0.0635417705625605,-7.1403716823345e-10,-1.22879041312536,0.000846859011125103,-0.493919593615072,-0.102381780359109,-0.526804797454082,-0.098127148556883
"SL18-OI-15-MG1","SL18-OI-15-MG1","M",0.449643010333465,0.101767211182436,-1.09333225708878e-09,55.8579343357023,-0.028583451435505,0.169424100334657,0.547466143483071,-0.427550824263243,0.091722275055228
"SL18-OI-16-MG1","SL18-OI-16-MG1","M",0.124008323095303,0.0197082923084571,-3.33367242097521e-10,48.7377338269171,-0.0523067550073764,-0.171857445655325,-0.282504611095667,-0.00292207626823076,0.0134394616969134
"SL18-SF-17-MG1","SL18-SF-17-MG1","M",0.11398875734891,0.0449995905884517,1.28821522556105e-09,-53.9778721836386,0.0181104124315876,0.445762046831478,0.103583289996175,0.0683517849666402,-0.129640603934014
"SA18-CB-7-MG2","SA18-CB-7-MG2","M",0.558048253221518,0.141092210893376,-1.53017157396224e-09,10.9512642487039,-0.00337143810812503,0.15897779490231,0.0801628277324835,0.545709119881544,0.596453938044246
"SL18-NL-3-MG2","SL18-NL-3-MG2","M",-0.422005367829169,-0.063183411794142,1.05816264576797e-09,-14.2432759508047,-0.0163450418572074,0.0182877553784822,-0.246827768225423,0.0526783583105692,-0.392880093601526
"SA18-CB-7-MG1","SA18-CB-7-MG1","M",0.531473994357528,0.094661356188791,-3.12161019090542e-09,13.2620700560179,-0.0160856437197573,-0.0821341868876971,0.235161716640807,0.715694478976697,-0.189618038020131
"SL18-SF-19-MG1","SL18-SF-19-MG1","M",-0.0360862513050452,0.0304025470857335,1.19231140481992e-08,86.4610952957923,0.0100783950223308,0.21664520340176,0.00732468590770793,0.314238852710112,0.61638472896121
"SL18-SF-15-MG2","SL18-SF-15-MG2","M",0.513501618405009,0.088880797662366,-4.76022978445427e-09,33.1200276990715,-0.017165182719216,0.12265423368643,0.272203517428002,0.425768522842371,-0.27733423757408
"SA18-CB-2-MG3","SA18-CB-2-MG3","M",-0.102740108482339,-0.017464046141747,1.06013960122467e-09,-70.1972078574753,0.0187050240276102,0.251724295846499,0.503393471277249,0.242799625457969,-0.00222530529161711
"SL18-NL-5-MG1","SL18-NL-5-MG1","M",-0.392741973464299,-0.068112166618474,-7.32893126282525e-10,5.06536124933588,0.0256060032590845,-0.278434240579264,-0.326603179473014,-0.200786012409373,0.213792883617559
"SL18-SF-15-MG1","SL18-SF-15-MG1","M",0.485223038786902,0.0965940000765919,-4.10358692739523e-09,73.6725889551821,-0.0460990135857818,-0.0760114637311034,-0.310252543665089,0.264009115146522,-1.07083197985908
"SA18-CB-4-MG3","SA18-CB-4-MG3","M",0.235022744297621,0.019171252611905,-4.32262586405778e-09,-24.9134594705103,-0.0325225716117211,-0.274221129721841,-0.518270405477689,-0.277711914577955,-0.634502541737401
"SA18-CB-5-MG3","SA18-CB-5-MG3","M",-0.469248492796536,-0.06825208568755,3.03610671371038e-09,-42.4413639477621,0.0166708996527238,0.0408113412313395,0.386815427447489,0.282300145199716,0.745847355031879
"SL18-LD-13-MG2","SL18-LD-13-MG2","M",-0.000792529421404778,0.0116957230356408,4.56492483036615e-09,53.8188681755045,-0.00298871957466487,0.283471145484004,-0.25274074835435,-0.390465498997633,0.474865657801034
"SL18-LD-3-MG2","SL18-LD-3-MG2","M",-0.129339969447003,-0.0408120802721975,2.15382430679237e-09,-28.0207349617132,0.0454883673597249,0.232255957775578,0.365831184868221,0.512830278938941,-0.0802202483495714
"SL18-NL-6-MG1","SL18-NL-6-MG1","M",0.0720194756344852,0.0122915201115357,-5.92751088136216e-09,77.6268914946547,-0.0105536965800922,-0.379726205290914,0.628642493894316,1.27006543112742,1.0311872518576
"SL18-SF-17-MG2","SL18-SF-17-MG2","M",0.226715616228799,0.0407963532069572,-3.3740361541901e-09,67.079965811127,0.038543740648845,0.148759292506346,0.416684893569027,-0.163846790753309,1.01159630236046
"SL18-SF-13-MG2","SL18-SF-13-MG2","M",0.108856642029244,0.0444396437551775,3.45730973320471e-09,19.0927816466023,0.00411127159090958,-0.00218852854824061,0.0146073138164104,-0.120648103536214,0.857969062695344
"SL18-OI-9-MG3","SL18-OI-9-MG3","M",0.199662140535763,0.0296751937315389,-1.2930742948498e-09,44.6525920337696,-0.0172507672081084,0.00472939328198983,-0.0764216675790808,-0.383601441723452,-1.69143131428371
"SL18-LD-10-MG1","SL18-LD-10-MG1","M",0.00439650034984519,-0.00701645539777951,3.68996804067918e-09,-1.38123284990948,-0.0106678112708885,0.145430162031253,1.00938159014321,-0.599998830516375,-0.390243123411096
"SL18-LD-9-MG1","SL18-LD-9-MG1","M",-0.303805183888417,-0.0449531920407131,5.32615726819371e-09,-70.7111842591612,0.0205821219067209,-0.0958201554424744,0.285252984672555,-0.54318677820888,-0.823790413977586
"SL18-NL-2-MG2","SL18-NL-2-MG2","M",-0.176762831405308,-0.0399700000909726,-2.32844880655249e-09,1.98862046583789,0.0215242348948296,0.00887862966351537,-0.573735858947637,0.667687668327219,-0.312621186114372
"SL18-LD-2-MG3","SL18-LD-2-MG3","M",-0.383160616211121,-0.0593876041611712,7.89752325055915e-09,-62.3087410383863,0.0243813264423728,-0.0704139745626056,-1.04005859023155,-0.0869774561301249,-0.0730726320926891
"SL18-LL-9-MG1","SL18-LL-9-MG1","M",-0.428155757323243,-0.0826154540701585,1.09627560204363e-09,-109.996552080459,0.0337396016005166,-0.0367379985033519,0.214925747047337,0.133086050145705,-0.277757162174556
"SL18-OI-7-MG1","SL18-OI-7-MG1","M",0.100883979314493,0.0143067763999485,-1.54310441557663e-09,132.097175556876,-0.0514124785374719,0.0102286660516286,0.386666903286037,0.450958675215258,0.0565250243255191
"SL18-LD-2-MG1","SL18-LD-2-MG1","M",-0.354158211974361,-0.0454501405952127,9.68776201562323e-09,-46.4910606564857,0.00796463504469229,0.197919180188747,-0.0992042018151036,0.579129851456034,0.569571591669598
"SA18-CB-1-MG2","SA18-CB-1-MG2","M",0.486497255666573,0.0814842877252056,-2.16072954601379e-09,49.8257751155189,0.0312173031096148,-0.354681663264126,-0.0160979044226458,-0.790965203577208,0.270229413141976
"SL18-LD-1-MG2","SL18-LD-1-MG2","M",-0.40304702470618,-0.0879424863962377,4.6927205126357e-09,-46.715759085352,-0.0152666567855916,-0.0396025030227673,-0.402157419535457,-0.0535167220121144,-0.291447284007858
"SL18-NL-9-MG1","SL18-NL-9-MG1","M",-0.473213517261654,-0.102846154749644,-9.44976016787485e-09,-17.0501881037162,-0.00161828549183244,0.132061311258807,0.236766298508257,-0.00534220590539428,0.388925820480312
"SA18-CB-2-MG1","SA18-CB-2-MG1","M",-0.21809360809401,-0.0308251442091787,2.23803165539017e-09,-21.3986439021762,0.0155621280995263,0.508673235311626,-0.25339340029929,-0.193229472151299,-0.451968306025334
"SA18-CB-4-MG1","SA18-CB-4-MG1","M",0.103654024154171,-0.0150232909487647,-5.26671582565811e-09,-50.8372335442971,-0.0257125274422297,-0.391540053158228,0.066491100551193,-0.601420690648433,-0.5994809580399
"SL18-LD-5-MG1","SL18-LD-5-MG1","M",0.00384193740174144,-0.0572057778469537,-7.40254245645968e-10,-36.9236095040138,0.0241480572819542,0.112823894208824,0.430852674500124,0.018480699318629,0.348079193924438
"SL18-OI-18-MG1","SL18-OI-18-MG1","M",-0.248451266770044,-0.0221552469915171,5.58472920177796e-09,-69.2890700065372,-0.0228885667035608,-0.0940217899363719,0.129634235788065,0.0287648994256288,-0.0426069970214982
"SL18-LL-9-MG2","SL18-LL-9-MG2","M",-0.119846242517816,-0.0513416143924274,-3.5998744610199e-09,-24.9469584299579,0.047424005440121,-0.446472198881461,0.982811052372604,0.638781536090566,0.765897880433893
"SL18-LL-9-MG3","SL18-LL-9-MG3","M",-0.162971664988792,-0.0243237087364414,-6.34190918565777e-10,-79.958645285771,0.030817502440364,0.0620635392981975,0.340787781304591,0.662335494604038,0.342396923913871
"SA18-CB-10-MG1","SA18-CB-10-MG1","M",0.285130932101696,0.0504639048614254,-2.30857217635683e-09,17.7797017284558,-0.00758635231150989,-0.207514872601104,0.414031887610073,-0.328678815379768,0.224881232630296
"SA18-CB-3-MG3","SA18-CB-3-MG3","M",0.349402871746255,0.0251452715965285,-5.5003634320548e-09,6.97881955685787,0.0419824485360758,0.586250080784834,-0.255117436344633,-0.133644795345949,-0.0687937059188657
"SL18-NL-10-MG2","SL18-NL-10-MG2","M",-0.240957028134582,-0.0417384203688742,-2.572412459884e-09,26.4666247604006,-0.0233705799904082,0.206777341423736,-0.150743375868744,0.0503005442409569,-0.0241065703325255
"SL18-NL-2-MG3","SL18-NL-2-MG3","M",-0.038918779558684,-0.0107116665665727,-2.53421903659472e-09,-39.2882758343319,0.0256997238462977,0.493877156375715,0.178413660196144,0.257646950868411,0.195358851185015
"SL18-SF-13-MG3","SL18-SF-13-MG3","M",-0.099235358928542,-0.00230152682719871,2.98237965091826e-09,-4.24098724151748,0.00844181885816224,-0.134259673545938,-0.169338747452068,0.0559201697791908,0.0486428273740665
"SL18-OI-6-MG2","SL18-OI-6-MG2","M",-0.011704064547045,-0.0122153235457293,3.85598199123935e-10,-74.3666278747129,-0.0731409511961908,-0.421867175791489,-0.362382534142202,-0.90243720586064,-0.38225125335798
"SL18-NL-9-MG2","SL18-NL-9-MG2","M",-0.134954065811078,-0.0400281684825599,-5.43209435864511e-09,12.1255370103694,0.0163885017295291,0.0482119625221316,-0.723503746825551,-0.0479390212551019,0.650504019151731
"SL18-OI-15-MG2","SL18-OI-15-MG2","M",0.337473345785313,0.071692570438244,-4.02239315567676e-11,42.8150856344587,-0.0545027707887322,-0.113671029119945,-0.423166318565854,-0.447581781253962,0.00607770031941205
"SL18-SF-17-MG3","SL18-SF-17-MG3","M",-0.129442107678131,-0.0100948837402515,-1.08980112786795e-10,-31.0607906378642,0.0168376434095106,0.479859802779915,1.55630857752896,-0.339508869753841,0.462270112255356
"SL18-NL-7-MG1","SL18-NL-7-MG1","M",-0.285919223961647,-0.0421885515719645,-7.30553679870124e-10,-45.5416214342108,0.00921525695480804,0.0719271830856943,-0.261000338617426,1.10464460901518,1.14071160943696
"SL18-SF-13-MG1","SL18-SF-13-MG1","M",0.145196057854211,0.0470845543831352,2.01301889439921e-09,33.4344310391883,-0.00421709991987293,-0.654057531078823,-0.424572455422965,-2.01256390189449,-2.55395049860881
"SA18-CB-2-MG2","SA18-CB-2-MG2","M",-0.0630344304667486,-0.0121792137259645,7.66245205114814e-10,-30.0523271160118,0.020408226804085,0.127792920639483,-0.179006198584742,0.0192033232008658,0.161006054685443
"SL18-NL-2-MG1","SL18-NL-2-MG1","M",-0.124955704437436,-0.0176902039536881,-1.78816633938985e-09,-3.15403733930252,0.0241465294922176,0.177452943780092,1.06833300973976,0.669288773615793,0.00307413295368886
"2","SA18-CB-10-FG1xSL18-SF-19-MG2",NA,0.311960288716027,0.0530616802854112,1.44245620965105e-09,63.0302914728203,0.000985622679799643,0.00768902129450337,0.387460063793253,0.07023121256653,-0.0728440022024234
"3","SL18-LD-10-FG1xSL18-OI-4-MG1",NA,-0.1145369217836,-0.0228393697450329,2.96217893987442e-09,-36.3844685210528,0.0192144488749947,0.297442722653017,-0.129624855089302,0.0714659575162311,0.18663679386949
"4","SL18-NL-6-FG1xSL18-OI-11-MG2",NA,0.281609697290445,0.0575452869062323,-4.89734365887395e-09,110.362094787619,0.0061489116393567,0.105841968736675,-0.181747651459971,0.298067336364985,0.23586164906764
"5","SL18-NL-6-FG1xSL18-OI-14-MG2",NA,0.44575956959981,0.0969365830333814,-5.7922767360908e-09,125.40941103907,-0.00167691202518916,-0.356494741701093,0.0434097641997273,-0.225343233087245,0.0871976300626016
"6","SL18-NL-6-FG1xSL18-OI-15-MG1",NA,0.541375124891624,0.116049303343319,-5.98192428051847e-09,153.952773413484,-0.0163920778413498,-0.0248228676117129,0.36833338301986,-0.175716881461239,0.18211896024596
"7","SL18-NL-6-FG1xSL18-OI-16-MG1",NA,0.378557781272542,0.0750198439063296,-5.60194177302284e-09,150.392673159092,-0.028253757731099,-0.195462844408202,-0.0466499955462824,0.0365991192066779,0.142979205805205
"8","SL18-NL-6-FG1xSL18-SF-17-MG1",NA,0.373547998399346,0.0876654930463269,-4.79115053919355e-09,99.0348701538137,0.00695486453323285,0.113346565106017,0.146386918607523,0.0722362636460156,0.0714428752549526
"9","SL18-NL-6-FG1xSL18-SF-19-MG2",NA,0.404612557517437,0.0831655313034873,-2.50611648331124e-09,171.715998274966,-0.000806891384741516,0.0548643677714167,0.294837877423643,-0.0925388152034709,0.35648332127594
"14","SL18-LD-10-FG2xSA18-CB-7-MG2",NA,0.187784159580439,0.0564431181860412,1.78470915108205e-09,4.38501674292618,-0.00491942877390949,0.233001391437462,0.6712898181306,0.223062286840811,0.502454925790947
"25","SL18-LD-10-FG2xSL18-NL-3-MG2",NA,-0.302242650944904,-0.0456946931577177,3.07887626094716e-09,-8.21225335682809,-0.0114062249156877,0.162655711497191,0.507788844233477,-0.0234534694001934,0.00778335215144788
"26","SL18-NL-9-FG2xSA18-CB-7-MG1",NA,0.300432213367529,0.0302472708120132,-5.66531532499463e-09,51.3593426496466,-0.00231155327878214,-0.169259768761814,0.274222616283649,0.461153154134339,0.0170821962171063
"27","SL18-NL-9-FG2xSL18-SF-19-MG1",NA,0.016652090536242,-0.00188213373951552,1.8570467945577e-09,87.9588552695338,0.0107704763905389,-0.0198696958758572,0.160304089959568,0.260425971757853,0.420093822064079
"30","SL18-OI-11-FG1xSL18-SF-15-MG2",NA,0.323557031888027,0.0389836590243398,-3.4358529363479e-09,19.6086117133159,-0.00540840839560879,0.350814140176438,0.0489535300226318,0.376609631254958,0.165052788893707
"31","SL18-OI-15-FG1xSA18-CB-2-MG3",NA,0.17855414837859,0.0401419956784017,7.21793345556424e-11,-29.8911646051088,-0.028002232571379,-0.216859289353844,0.176901091978031,0.0763236261283146,0.0393269400306864
"33","SL18-OI-15-FG1xSL18-NL-5-MG1",NA,0.0335532158876105,0.0148179354400383,-8.24337029197954e-10,7.7401199482968,-0.0245516994106381,-0.481937594782825,-0.238105382800561,-0.145472035229308,0.147338465637537
"34","SL18-OI-15-FG1xSL18-SF-15-MG1",NA,0.472535722013211,0.0971710187875712,-2.50968392975431e-09,42.0437338012199,-0.0604042462611566,-0.380727792783757,-0.229924709267868,0.086927366133074,-0.494978233769823
"43","SL18-OI-16-FG3xSA18-CB-4-MG3",NA,0.167052427264496,0.0167496944313101,-2.10723897596511e-09,16.0723592278984,-0.0150918505883582,-0.373616665737442,-0.422675747130141,-0.645188492594804,-0.716907653061808
"44","SL18-OI-16-FG3xSA18-CB-5-MG3",NA,-0.185083191282582,-0.0269619747184174,1.57212731291897e-09,7.30840698927253,0.00950493096129943,-0.216101139496489,0.0298667555917836,-0.36518050029849,-0.026726918476781
"47","SL18-LD-13-FG2xSL18-LD-13-MG2",NA,0.0820382891014858,0.0210009844864744,4.03247403684362e-09,49.9158867271885,1.11996598687966e-05,0.328013690420852,-0.536921390545276,-0.270895474020193,-0.131555940658841
"48","SL18-OI-16-FG3xSL18-LD-3-MG2",NA,-0.015128929607816,-0.0132419720107411,1.13098610945997e-09,14.5187214822969,0.0239136701705701,-0.120379388150972,0.0193718548194624,-0.249916489268245,-0.439761844897575
"49","SL18-OI-16-FG3xSL18-NL-6-MG1",NA,0.0855507929329283,0.0133098281811255,-2.90968148461729e-09,67.342534710481,-0.00410737684525674,-0.426370626319757,0.150781819232449,0.128702644889731,0.11594211366232
"50","SL18-OI-16-FG3xSL18-SF-17-MG2",NA,0.162898863230085,0.0275622447288362,-1.63294412103126e-09,62.0690718687171,0.0204413596489072,-0.162127321068997,0.0448002538331014,-0.588254150605266,0.106150598972005
"51","SL18-OI-17-FG1xSL18-SF-13-MG2",NA,0.123221288144337,0.032456214413513,1.23072027250288e-09,11.0739828909963,0.00287962911393302,-0.12442632273448,-0.719653639517563,-0.246422937886873,0.210648627579504
"52","SL18-OI-17-FG2xSL18-SF-17-MG2",NA,-0.0680327379546087,-0.013829129381043,-2.33494675532547e-09,8.28260021387008,0.0163785607908168,-0.0920529031567543,0.225222985879173,-0.129203763375581,-0.289458456446368
"53","SL18-OI-18-FG1xSL18-OI-9-MG3",NA,0.134403791925117,0.0290892558931128,1.04508649114699e-09,-0.470341400105945,-0.0279910338904642,0.109403571446048,0.536507484111858,0.146358022573153,-0.193680651831074
"54","SL18-OI-18-FG2xSA18-CB-7-MG1",NA,0.242164201536111,0.0543196846866733,9.10265868603581e-10,-20.0229417855664,-0.039687824846788,-0.10941850743532,-0.0741424530266072,0.197282400189158,0.150624848246297
"55","SL18-OI-18-FG2xSL18-LD-10-MG1",NA,-0.0213745454677305,0.00348077889338806,4.31605498439589e-09,-27.3445932385301,-0.0369789150561078,0.00436315042837397,0.31296794640069,-0.460566048512131,0.0503065449991902
"56","SL18-OI-18-FG2xSL18-LD-9-MG1",NA,-0.175475387586861,-0.0154875894280788,5.13414959815315e-09,-62.009568943156,-0.0213539226077593,-0.116262128680233,-0.0490969270811818,-0.432159689107025,-0.166467760776629
"58","SL18-OI-18-FG2xSL18-NL-2-MG2",NA,-0.111954211345307,-0.0129959934532085,1.30684656078005e-09,-25.6596665806564,-0.020882848274552,-0.0639123244038481,-0.478591678058194,0.173279376208098,0.0891171153200894
"59","SL18-OI-18-FG2xSL18-LD-2-MG3",NA,-0.215153103748214,-0.0227047954883078,6.41983258933587e-09,-57.8083473327685,-0.0194543040816479,-0.103558877845978,-0.711754442917804,-0.204054913024977,0.208892414618185
"60","SL18-OI-18-FG3xSL18-LL-9-MG1",NA,-0.249677876225769,-0.0377979490136092,2.74288471011003e-09,-91.7256434677349,-0.00184410434051444,-0.0506675150374864,-0.0296278809307777,-0.186091964185567,-0.295310174826674
"61","SL18-OI-18-FG3xSL18-OI-7-MG1",NA,0.0148419920930994,0.0106631662214443,1.4231947012999e-09,29.3212203509327,-0.0444201572018231,-0.0271826695405254,0.0562453579392053,-0.0271553140523644,-0.128170949919437
"62","SL18-OI-18-FG5xSA18-CB-4-MG3",NA,0.0668264753667985,0.0263047310575698,1.56253105411728e-09,-47.6767692993644,-0.0407623411314702,-0.0331410421994487,0.0710027745610959,-0.0612078828723455,-0.168513228984154
"63","SL18-OI-18-FG5xSL18-LD-2-MG1",NA,-0.227764002769192,-0.00600596554598897,8.56772499395779e-09,-58.4655698923521,-0.0205187253195086,0.202929239443841,0.280539159703275,0.367213745400864,0.433528969346165
"65","SL18-OI-18-FG5xSL18-SF-15-MG2",NA,0.206065912420493,0.0611595035828004,1.34372909391903e-09,-18.6600257145735,-0.0330836500537609,0.165297396781052,0.466242882460381,0.290533695938393,0.0100684697103193
"66","SL18-OI-18-FG6xSA18-CB-1-MG2",NA,0.214453187965509,0.0409363341605625,6.52946006125999e-10,3.27991728215332,-0.000100752636352721,-0.347526338863055,-0.503134035933257,-0.954916034741033,0.0582253646221117
"67","SL18-OI-18-FG6xSL18-NL-6-MG1",NA,0.00721429794946477,0.00633995035372754,-1.23044466154818e-09,17.1804754717212,-0.0209863046380893,-0.360047521696652,-0.180764159743695,0.0756028307190565,0.438707722525236
"71","SL18-OI-2-FG2xSL18-LD-1-MG2",NA,-0.346070685561484,-0.0695169010224862,3.36625029942466e-09,-63.8387833615234,-0.0129355921960398,-0.0232596869984355,-0.0493099183598265,0.15081777594048,-0.265733290338888
"79","SL18-LD-1-FG1xSL18-NL-2-MG2",NA,-0.279879568662273,-0.0593729916197119,1.13177587824145e-09,-4.18269645397132,0.0176790513025227,-0.143686606556607,-0.547255335711683,0.503877430520911,-0.0757438460998587
"80","SL18-OI-2-FG3xSL18-NL-9-MG1",NA,-0.397436801274783,-0.0832881332541648,-3.45189084654396e-09,-44.8513821495394,-0.00445602487135909,0.111590387472572,-0.104643956587791,0.0338401117909731,-0.0225597189674147
"82","SL18-OI-2-FG3xSL18-SF-17-MG1",NA,-0.103835663969502,-0.00936526058511686,1.91709685017399e-09,-63.3152241895006,0.00540831443027877,0.268441661131457,-0.171230109577225,0.0706891253274321,-0.28183182216211
"84","SL18-OI-6-FG1xSA18-CB-2-MG1",NA,-0.194911000403218,-0.0500258101503469,4.5693534173374e-11,-59.6153714302871,-0.0267007407195575,0.136874413335141,-0.271007401398135,-0.396125994264148,-0.405977266568342
"85","SL18-OI-6-FG1xSA18-CB-4-MG1",NA,-0.0340371842791272,-0.0421248835201399,-3.70668020635076e-09,-74.3346662513475,-0.0473380630451431,-0.313232866689185,-0.111062363361957,-0.600220511878858,-0.479734396597199
"86","SL18-OI-6-FG1xSL18-LD-13-MG2",NA,-0.0862604610669152,-0.0287653765279372,1.20914012166137e-09,-22.0066153914467,-0.0359761609382677,0.0242728890157839,-0.27067811553923,-0.494742318335509,0.0574393485963726
"87","SL18-OI-6-FG1xSL18-LD-2-MG1",NA,-0.262943302343393,-0.057338308343364,3.77055871428991e-09,-72.1615798074418,-0.0304995078141717,-0.0185027914065131,-0.193912041269998,-0.00994406585568615,0.104793304252626
"88","SL18-OI-6-FG1xSL18-LD-5-MG1",NA,-0.0839432276553419,-0.0632161269692345,-1.44344941634469e-09,-67.3778542312058,-0.0224077418951799,-0.0610499618204887,0.0711164024558024,-0.290269660299234,-0.0059537512319055
"90","SL18-LD-1-FG1xSL18-OI-18-MG1",NA,-0.315723786344641,-0.0504656150699842,5.08836488240668e-09,-39.8215416901589,-0.00452735777291701,-0.195136352129928,-0.195568650849637,0.184417373426132,0.0592613639243115
"91","SL18-OI-6-FG1xSL18-NL-9-MG1",NA,-0.322470954987039,-0.0860363154205797,-5.79820237745913e-09,-57.4411435310571,-0.03529090840939,-0.0514315856821795,-0.0259325334993949,-0.30218128576814,0.0144722545442356
"92","SL18-OI-6-FG1xSL18-SF-15-MG1",NA,0.156747323037238,0.0136837619925383,-3.12511575721932e-09,-12.0797550016079,-0.0575313144809037,-0.155467768109554,-0.299440716953825,-0.167506898699825,-0.715410317465261
"93","SL18-OI-6-FG1xSL18-SF-19-MG1",NA,-0.103907322008735,-0.0194119645028908,4.88823473057792e-09,-5.68550183130278,-0.0294426205569114,-0.00913862899750361,-0.140646029358119,-0.142389974265914,0.12819535388005
"94","SL18-OI-7-FG3xSA18-CB-2-MG3",NA,-0.117229006271656,-0.0203746597201843,4.68489340486875e-10,-4.56411845255669,0.0103511902060034,0.070112729610602,0.321400017162372,0.030732305893044,0.414367633492823
"97","SL18-OI-9-FG1xSL18-LL-9-MG2",NA,-0.0566171380192623,-0.028263890041825,-2.39377564911036e-09,0.276425951856165,0.024593207451829,-0.251679123350169,0.250162190898043,0.0952425969637699,-0.190025638212912
"100","SL18-SF-13-FG1xSL18-LL-9-MG3",NA,-0.0826122520474746,0.00104792593193688,1.602922458658e-09,-45.8805869119653,0.012193829975641,0.0995988520180466,0.297300173627223,0.232866643872213,0.341634508383306
"101","SL18-LD-1-FG2xSA18-CB-4-MG3",NA,0.0661869406431815,0.00347184923393764,7.20637720646221e-11,-17.4163107235967,-0.00734494372316497,0.039002995736873,0.0886289544166058,0.104869211068766,0.236503915787194
"102","SL18-SF-17-FG1xSL18-LL-9-MG1",NA,-0.236322703351306,-0.0436007885582351,3.4230584454793e-10,-67.0723888807915,0.0288980967997393,0.145601541455644,0.396361472020404,-0.08142315976404,0.0475520209321645
"104","SL18-SF-17-FG3xSA18-CB-10-MG1",NA,0.177772933106033,0.0298482297295556,-2.53247041728359e-09,13.7848765146439,0.0191256711282781,0.074009477828834,0.198392931634097,-0.325353378429304,0.19410375449997
"105","SL18-SF-17-FG3xSA18-CB-3-MG3",NA,0.209908902928313,0.0171889130971072,-4.12836604513258e-09,8.38443542884491,0.0439100908653728,0.470891430031814,-0.136182568078264,-0.227834685915655,0.0472650172628842
"106","SL18-SF-17-FG3xSL18-LD-2-MG1",NA,-0.141871638931995,-0.0181087929987634,3.46569667870644e-09,-18.3505046778268,0.0269011824216936,0.276726266931376,-0.0582248999558965,0.128552417222865,0.366446303283299
"107","SL18-SF-17-FG3xSL18-NL-10-MG2",NA,-0.0852710470121059,-0.0162529328855941,-2.66439055904718e-09,18.1283380306163,0.0112335851437073,0.281155248369057,-0.0839962574307669,-0.135862929501517,0.0696099860612641
"108","SL18-SF-17-FG3xSL18-NL-2-MG3",NA,0.0157480772758429,-0.000739555984443398,-2.64529384740254e-09,-14.74911226675,0.035768741653568,0.424705633640649,0.0805828553869231,-0.0321897826161712,0.179343188795434
"109","SL18-SF-17-FG3xSL18-NL-9-MG1",NA,-0.201399291575642,-0.0468068000759791,-6.1030644130426e-09,-3.63006840144212,0.0221097171558,0.243798119553441,0.109761558462413,-0.163682503365218,0.276129441432613
"110","SL18-SF-17-FG3xSL18-OI-7-MG1",NA,0.0856494567124314,0.0117696654988172,-2.14973653689349e-09,70.9436134288541,-0.00278743848436867,0.182880406424232,0.184709991710618,0.0644657789782744,0.109931426815649
"111","SL18-SF-17-FG3xSL18-OI-9-MG3",NA,0.135038537323067,0.0194538741646124,-2.02472147653008e-09,27.2213216673008,0.0142934529207831,0.180130243363589,-0.0468397220163307,-0.352815874170003,-0.764058630588043
"112","SA18-CB-10-FG2xSL18-LL-9-MG1",NA,-0.0921461242715754,-0.0172489179134984,-1.64967195741782e-10,-52.4271492746439,0.0223778203676047,-0.0192857832009315,0.283469969175319,0.150701138852426,0.0850277524005026
"113","SL18-LD-1-FG2xSL18-SF-13-MG3",NA,-0.1009421109699,-0.00726454048561422,3.72456652955264e-09,-7.08007460910027,0.0131372222514912,0.108984006023741,0.263094690393044,0.271685787434003,0.57807449751051
"116","SL18-LD-1-FG2xSL18-SF-15-MG1",NA,0.191287087887822,0.042183222966281,1.81583240395893e-10,31.8767134892495,-0.0141331963847699,0.138108817657824,0.192640885630356,0.375731188737681,0.0183395496255676
"118","SL18-LD-1-FG3xSL18-NL-5-MG1",NA,-0.400408832621947,-0.0694118153219382,3.43056283151535e-09,-12.6191732328773,0.00965862731668839,-0.0168078867658642,-0.0381581371790733,-0.0621932372132741,0.0241662011217422
"119","SL18-LD-1-FG3xSL18-OI-11-MG2",NA,-0.238981768324244,-0.0429761428585698,4.33492388775674e-09,-30.8135653155589,0.00510485661576661,0.337786491282851,-0.151215455858182,0.298204848577471,0.0168724352650874
"120","SL18-LD-1-FG3xSL18-OI-15-MG1",NA,0.0207836592769349,0.0155278735785169,3.25034326611222e-09,12.7771133103059,-0.0174360990214448,0.207122344743501,0.398872138627132,-0.175575873002648,-0.0368655196560954
"121","SL18-LD-1-FG3xSL18-OI-16-MG1",NA,-0.142033684342146,-0.0255015858584726,3.63032577360785e-09,9.21701305591331,-0.0292977818529298,0.0364817023187359,-0.0161154811312521,0.0367373997165594,-0.0760054674250567
"122","SL18-LD-1-FG3xSL18-OI-6-MG2",NA,-0.20988987816332,-0.0414633937855658,3.98980849421858e-09,-52.3351677949017,-0.0397149235434044,-0.0885239678397068,-0.0560521476448876,-0.413020693032768,-0.273854021279244
"123","SL18-LD-1-FG3xSL18-OI-7-MG1",NA,-0.153595856232551,-0.0282023438127269,3.0254571868683e-09,50.8967339208929,-0.0288506416370441,0.127524219472018,0.318472329687509,0.263677792567522,-0.0544718893519957
"124","SL18-LD-1-FG3xSL18-OI-9-MG3",NA,-0.104206775621916,-0.0205181351469317,3.15047224723171e-09,7.1744421593395,-0.0117697883563248,0.124775309126229,0.0869314657737439,-0.153601900836309,-0.92844133588951
"125","SA18-CB-4-FG3xSA18-CB-4-MG3",NA,0.179062937009249,0.0103467783211481,-4.09535383698564e-09,-32.4212145196746,-0.0191550584490865,-0.274163808955112,-0.183136852137214,-0.0131448097629436,-0.194016453907959
"126","SL18-LD-1-FG3xSL18-NL-9-MG2",NA,-0.271514878795336,-0.0553698162539811,1.08096221533406e-09,-9.08908535236056,0.00504987352904039,0.146516130432563,-0.236613925819769,0.0142289019998123,0.242524531105827
"127","SL18-LD-1-FG3xSL18-OI-15-MG2",NA,-0.0353011729971411,0.000490553206420859,3.77689742887823e-09,6.25568895968413,-0.0303958121097477,0.0655746140089658,-0.0864445489694336,-0.185592561669764,-0.0796893217558808
"128","SL18-LD-2-FG2xSA18-CB-3-MG3",NA,-0.0547077412900058,-0.00725760918946357,4.83024518798368e-09,-46.366573023495,0.0460759190182808,0.234382795973027,-0.0239928443378192,0.0767462207394593,-0.0988845162269
"129","SL18-LD-2-FG2xSL18-LL-9-MG2",NA,-0.289332298422041,-0.0455010521839415,5.78048967350113e-09,-62.3294620169029,0.0487967172494575,-0.281979777254242,0.594972225207825,0.462959774331591,0.318461287010578
"130","SL18-LD-2-FG2xSL18-NL-9-MG1",NA,-0.46601593579396,-0.0712533223625499,2.85554682007365e-09,-58.381076853782,0.0242755164078749,0.00728771612025537,0.221953560231938,0.140895454920542,0.129972819244483
"131","SL18-LD-2-FG2xSL18-SF-19-MG1",NA,-0.247452302815656,-0.00462897144486106,1.35419839281107e-08,-6.62543515402771,0.0301239008880805,0.0495786323652542,0.107225986109734,0.300686704027791,0.24370270194083
"133","SL18-LD-3-FG1xSL18-NL-9-MG1",NA,-0.387748347937012,-0.0760291947845801,-1.99570585968875e-09,-36.4852613614331,0.00239338048579537,0.0455828371143319,0.0682457123788897,-0.168047816014511,0.199385266215919
"134","SL18-LD-3-FG1xSL18-SF-19-MG2",NA,-0.0630826515136395,-0.0066062838583719,5.65831589291152e-09,17.7320247197582,0.00449595473171046,0.143952179286986,0.150094361886828,-0.295976192224357,0.225137224859181
"135","SL18-LD-3-FG2xSA18-CB-2-MG3",NA,-0.10754404718698,-0.0325602909395532,1.58796365143399e-09,-40.8991794561993,0.0225485397772225,0.299032114620193,-0.209167292461657,0.14925262159321,-0.0430149982912753
"137","SL18-LD-3-FG2xSL18-LL-9-MG2",NA,-0.116097114204718,-0.0494990750648934,-7.42043379688302e-10,-18.2740547424406,0.0369079967318095,-0.0500665635816055,0.0305480220963936,0.347242513819654,0.341048478294302
"138","SL18-LD-3-FG2xSL18-SF-17-MG3",NA,-0.120895046784875,-0.0288757097388055,1.00340379442825e-09,-21.3309708463938,0.0216148064282155,0.413100000604502,0.317297670291035,-0.141902674230587,0.189234169476057
"140","SL18-LD-4-FG1xSA18-CB-2-MG1",NA,-0.178162908382943,-0.042097613119194,2.79038362170516e-09,-21.4272481489224,0.0248252647648873,0.188504311059187,-0.129803895031333,-0.0867175069704152,0.131699504209955
"141","SL18-LD-4-FG1xSL18-NL-3-MG2",NA,-0.280118788250522,-0.0582767469116757,2.20044911689406e-09,-17.8495641732367,0.0088716790738127,-0.0566894318950006,-0.126520440126781,0.036235172146948,0.161246732217507
"142","SL18-LD-4-FG2xSL18-LL-9-MG1",NA,-0.385171715115948,-0.0785365826907494,3.48937045368327e-09,-91.6774548788327,0.0284458463931347,-0.254159960178501,0.0652506160927568,-0.157147440202371,0.195536183991
"143","SL18-LD-4-FG2xSL18-SF-15-MG2",NA,0.0856569727481785,0.00721154317551289,5.61117760434324e-10,-20.1191649890675,0.00299347641219612,-0.174465298236665,0.0938877475662051,-0.0108069599477553,0.195752635170884
"144","SL18-LD-4-FG3xSL18-SF-17-MG1",NA,-0.0963713836626102,-0.00947887238180977,3.13059629703534e-09,-65.1737628296807,0.016256934337686,0.00493477598431357,0.266159854117687,0.0859577740341677,-0.101897172951232
"145","SL18-LD-5-FG1xSA18-CB-10-MG1",NA,0.0382039143077006,-0.00254386384833971,-1.40395012592075e-10,-21.0176303727145,-0.00143312844991428,-0.240335981756897,0.102537515106321,-0.163852469269796,0.352613940853736
"147","SA18-CB-7-FG1xSL18-LL-9-MG3",NA,0.162480950392353,0.0416021010605159,-1.15590951209105e-09,-40.2843828423071,0.0207575087766258,-0.0618851831222899,-0.0783585129858112,0.552482614711405,-0.00276534410685194
"149","SL18-LD-9-FG2xSL18-SF-13-MG3",NA,-0.241012994967298,-0.0361682856571191,3.80347967144057e-09,-48.4472084335067,0.0206708297795604,-0.0530597756189312,0.130333309462597,0.157498356331055,0.394499849044312
"151","SL18-LD-9-FG3xSL18-NL-7-MG1",NA,-0.308349449668554,-0.0471123098771503,2.39030720755738e-09,-60.2769663691278,0.0249695363599424,0.16807582027948,-0.065414180366929,0.309154803277491,0.50147381893738
"152","SL18-LD-9-FG3xSL18-SF-17-MG1",NA,-0.108395459013276,-0.00351823879694221,3.39969166027297e-09,-64.4950917438417,0.0294171210183944,0.354993522085879,0.116878208072119,-0.208994386235045,-0.13370493106311
"154","SL18-LL-9-FG3xSL18-NL-9-MG1",NA,-0.440558771086513,-0.0955885995928935,-7.95699092909499e-09,-36.9451498814538,0.00505323801228199,0.15870888285231,0.533712464832826,0.249073507499028,0.036410878644217
"155","SL18-NL-10-FG1xSA18-CB-4-MG3",NA,0.211096996521582,0.0142017094952566,-4.97577765995375e-09,32.5061900080499,-0.0531310613408434,-0.100383709089703,-0.373710094586805,-0.272536048343304,-0.383870526680977
"156","SL18-NL-10-FG1xSL18-LD-2-MG1",NA,-0.0834934816144088,-0.0181089871083022,2.02941627988676e-09,21.7173894150621,-0.0328874370024617,0.135687124161308,-0.164178634408708,0.155882596245559,0.21816157509823
"158","SL18-LD-10-FG1xSA18-CB-1-MG2",NA,0.120418568655556,0.0199440764796669,1.58532415428965e-09,3.86493443403124,0.0293155013832198,0.0918853910028595,0.27947656581944,-0.235363208751792,0.260233360051352
"159","SL18-NL-10-FG1xSL18-OI-15-MG1",NA,0.318407129539504,0.0554996887805222,-3.36113085646925e-09,72.8918869111561,-0.0511614511882725,0.121440160018137,0.159160015418964,-0.347457059088753,-0.020758887827405
"160","SL18-NL-10-FG1xSL18-OI-7-MG1",NA,0.144027614030018,0.0117694713892784,-3.58601693571317e-09,111.011507521743,-0.0625759830870612,0.041841590984412,0.0787578838038129,0.0917992600411343,-0.0383581596712276
"161","SL18-NL-10-FG1xSL18-SF-13-MG1",NA,0.166183653299877,0.0281583603808717,-1.80795528072525e-09,61.6801352628991,-0.0389782928000631,-0.290302569442703,-0.32686193315746,-1.13996670513854,-1.34360199627999
"171","SL18-NL-10-FG3xSL18-NL-3-MG2",NA,-0.374110171212832,-0.0586775152095736,-6.05208523327794e-10,-7.19663443374751,-0.0374944988400716,0.299510557372429,0.431578497930741,0.222282310171679,-0.358062358894836
"172","SL18-NL-2-FG1xSA18-CB-1-MG2",NA,0.236535855455986,0.0514961075556281,-1.45692968142995e-09,27.8418229176352,0.0165294688966575,0.010296937537116,0.148986149395382,-0.314793802360131,-0.1258160700932
"174","SL18-NL-2-FG1xSL18-LD-13-MG2",NA,-0.00710903708800315,0.0166018252108457,1.90589750676002e-09,29.838369447628,-0.000573550150790676,0.329373617676779,0.0306628014865169,-0.114545514444156,-0.0234982175518237
"175","SL18-NL-2-FG1xSL18-SF-17-MG1",NA,0.050281606297154,0.0332537589872511,2.67542704357474e-10,-24.0600007319435,0.0099760060375291,0.410518628183594,0.208828202585888,0.114864292411953,-0.325759620839585
"176","SL18-NL-2-FG3xSA18-CB-2-MG3",NA,-0.194070720939244,-0.035916924063635,-9.12272142308577e-10,-70.1728658887457,0.00602377413908592,0.391386700200197,0.396649991644197,0.157662789099851,-0.0923822840517124
"177","SL18-NL-2-FG3xSA18-CB-4-MG1",NA,-0.0908736546209886,-0.0346965464671438,-4.07569985574997e-09,-60.4928787321566,-0.0161849989773317,0.0697544285937619,0.17819378516873,-0.264447073487547,-0.391010806318564
"178","SL18-NL-2-FG3xSL18-LD-3-MG2",NA,-0.207370651421576,-0.0475909411288602,-3.65429789524729e-10,-49.0846294408647,0.0194154837185555,0.381652491728075,0.327865180915269,0.292680171053707,-0.131379844100534
"180","SL18-NL-2-FG3xSL18-OI-16-MG1",NA,-0.0806965051504229,-0.0173307548385329,-1.60902556396967e-09,-10.7053950465495,-0.0294821228305673,0.179594766694136,0.00369924292437594,0.0348035892670829,-0.0845508379237311
"182","SL18-NL-3-FG1xSA18-CB-7-MG2",NA,0.232784074447227,0.0698602718059891,-2.08801741744167e-10,8.36945388118709,0.00617012046003451,0.0598203444580151,0.0201472014199274,0.398523520508339,0.201057811184951
"184","SL18-NL-3-FG1xSL18-OI-11-MG2",NA,-0.081183974597979,-0.00830624448656763,1.09419853833708e-09,-12.7678897011785,0.0161051013949454,0.195707083049376,-0.296296543765719,0.385675340449931,0.00243172756352653
"185","SL18-NL-3-FG1xSL18-SF-13-MG2",NA,0.00818826885108999,0.0215339882368899,2.2849389118393e-09,12.4402125801363,0.00991145860398909,-0.020762489990329,-0.0126317253131918,0.0653462981696138,0.331818521132343
"187","SL18-NL-3-FG2xSL18-SF-17-MG2",NA,0.261999583878151,0.0506888800355413,-2.54393346818369e-09,64.5119188026363,0.022354495945853,0.088303196633067,0.071939017573986,-0.100277817381981,0.308291520209854
"188","SL18-NL-3-FG3xSA18-CB-2-MG2",NA,-0.0418260318962058,-0.00585829748169717,3.66564386922307e-11,-7.00474915615645,0.0154206967309078,0.00529922881744971,-0.268965278978998,0.0585907947825612,0.123427119324235
"190","SL18-LD-10-FG1xSL18-OI-18-MG1",NA,-0.247055692562752,-0.0318756908786944,5.45805352818553e-09,-55.6924881269968,0.00226258889104768,0.222214889895134,0.352341968646152,0.174499989965839,0.103815897352873
"195","SL18-NL-6-FG1xSA18-CB-3-MG3",NA,0.491255055598019,0.0777383335503654,-8.18543986800148e-09,129.513216024062,0.0188908890802381,0.183590454255408,-0.0329577076357486,-0.0287644809441374,0.101864682041349
"196","SL18-NL-6-FG1xSA18-CB-7-MG2",NA,0.595577746335651,0.135711803198789,-6.2003439389552e-09,131.499438369985,-0.00378605763014325,-0.030045610726465,0.134675707596074,0.310914664105381,0.43448815091342
"197","SL18-NL-6-FG1xSL18-LD-1-MG2",NA,0.115030107371802,0.0211944545539823,-3.08889789565623e-09,102.665926702957,-0.00973370012888732,-0.129335838226701,-0.106479501028125,0.0113005056349721,-0.00946323038290721
"198","SL18-NL-6-FG1xSL18-LD-2-MG1",NA,0.139474513737711,0.0424406274544948,-5.91377144162462e-10,102.77827591739,0.00188198495412479,-0.0105746642617103,0.0449971586742172,0.327624081830333,0.421047449525299
"199","SL18-NL-6-FG1xSL18-LD-3-MG2",NA,0.251883635001389,0.0447596576160024,-4.3583459985779e-09,112.013438764776,0.0206438461320018,0.00659384135182061,0.277520752897809,0.294475638544779,0.0961511208455956
"200","SL18-NL-6-FG1xSL18-NL-2-MG1",NA,0.254075767506173,0.056320595775257,-6.329341321669e-09,124.446787575982,0.00997295061991173,-0.020808128060338,0.628768970601767,0.37270477529132,0.137798582223888
