"","fndRow",""
"1",105,209
"2",106,210
"3",107,211
"4",108,212
"5",109,213
"6",110,214
"7",111,215
"8",112,216
"9",113,217
"10",114,218
"11",115,219
"12",116,220
"13",117,221
"14",118,222
"15",119,223
"16",120,224
"17",121,225
"18",122,226
"19",123,227
"20",124,228
"21",125,229
"22",126,230
"23",127,231
"24",128,232
"25",129,233
"26",130,234
"27",131,235
"28",132,236
"29",133,237
"30",134,238
"31",135,239
"32",136,240
"33",137,241
"34",138,242
"35",139,243
"36",140,244
"37",141,245
"38",142,246
"39",143,247
"40",144,248
"41",145,249
"42",146,250
"43",147,251
"44",148,252
"45",149,253
"46",150,254
"47",151,255
"48",152,256
"49",153,257
"50",154,258
"51",155,259
"52",156,260
"53",157,261
"54",158,262
"55",159,263
"56",160,264
"57",161,265
"58",162,266
"59",163,267
"60",164,268
"61",165,269
"62",166,270
"63",167,271
"64",168,272
"65",169,273
"66",170,274
"67",171,275
"68",172,276
"69",173,277
"70",174,278
"71",175,279
"72",176,280
"73",177,281
"74",178,282
"75",179,283
"76",180,284
"77",181,285
"78",182,286
"79",183,287
"80",184,288
"81",185,289
"82",186,290
"83",187,291
"84",188,292
"85",189,293
"86",190,294
"87",191,295
"88",192,296
"89",193,297
"90",194,298
"91",195,299
"92",196,300
"93",197,301
"94",198,302
"95",199,303
"96",200,304
"97",201,305
"98",202,306
"99",203,307
"100",204,308
"101",205,309
"102",206,310
"103",207,311
"104",208,312
"105",209,313
"106",210,314
"107",211,315
"108",212,316
"109",213,317
"110",214,318
"111",215,319
"112",216,320
"113",217,321
"114",218,322
"115",219,323
"116",220,324
"117",221,325
"118",222,326
"119",223,327
"120",224,328
"121",225,329
"122",226,330
"123",227,331
"124",228,332
"125",229,333
"126",230,334
"127",231,335
"128",232,336
"129",233,337
"130",234,338
"131",235,339
"132",236,340
"133",237,341
"134",238,342
"135",239,343
"136",240,344
"137",241,345
"138",242,346
"139",243,347
"140",244,348
"141",245,349
"142",246,350
"143",247,351
"144",248,352
"145",249,353
"146",250,354
"147",251,355
"148",252,356
"149",253,357
"150",254,358
"151",255,359
"152",256,360
"153",257,361
"154",258,362
"155",259,363
"156",260,364
"157",261,365
"158",262,366
"159",263,367
"160",264,368
"161",265,369
"162",266,370
"163",267,371
"164",268,372
"165",269,373
"166",270,374
"167",271,375
"168",272,376
"169",273,377
"170",274,378
"171",275,379
"172",276,380
"173",277,381
"174",278,382
"175",279,383
"176",280,384
"177",281,385
"178",282,386
"179",283,387
"180",284,388
"181",285,389
"182",286,390
"183",287,391
"184",288,392
"185",289,393
"186",290,394
"187",291,395
"188",292,396
"189",293,397
"190",294,398
"191",295,399
"192",296,400
"193",297,401
"194",298,402
"195",299,403
"196",300,404
"197",301,405
"198",302,406
"199",303,407
"200",304,408
"201",305,409
"202",306,410
"203",307,411
"204",308,412
"205",309,413
"206",310,414
"207",311,415
"208",312,416
"209",313,417
"210",314,418
"211",315,419
"212",316,420
"213",317,421
"214",318,422
"215",319,423
"216",320,424
"217",321,425
"218",322,426
"219",323,427
"220",324,428
"221",325,429
"222",326,430
"223",327,431
"224",328,432
"225",329,433
"226",330,434
"227",331,435
"228",332,436
"229",333,437
"230",334,438
"231",335,439
"232",336,440
"233",337,441
"234",338,442
"235",339,443
"236",340,444
"237",341,445
"238",342,446
"239",343,447
"240",344,448
"241",345,449
"242",346,450
"243",347,451
"244",348,452
"245",349,453
"246",350,454
"247",351,455
"248",352,456
"249",353,457
"250",354,458
"251",355,459
"252",356,460
"253",357,461
"254",358,462
"255",359,463
"256",360,464
"257",361,465
"258",362,466
"259",363,467
"260",364,468
"261",365,469
"262",366,470
"263",367,471
"264",368,472
"265",369,473
"266",370,474
"267",371,475
"268",372,476
"269",373,477
"270",374,478
"271",375,479
"272",376,480
"273",377,481
"274",378,482
"275",379,483
"276",380,484
"277",381,485
"278",382,486
"279",383,487
"280",384,488
"281",385,489
"282",386,490
"283",387,491
"284",388,492
"285",389,493
"286",390,494
"287",391,495
"288",392,496
"289",393,497
"290",394,498
"291",395,499
"292",396,500
"293",397,501
"294",398,502
"295",399,503
"296",400,504
"297",401,505
"298",402,506
"299",403,507
"300",404,508
"301",405,509
"302",406,510
"303",407,511
"304",408,512
"305",409,513
"306",410,514
"307",411,515
"308",412,516
"309",413,517
"310",414,518
"311",415,519
"312",416,520
"313",417,521
"314",418,522
"315",419,523
"316",420,524
"317",421,525
"318",422,526
"319",423,527
"320",424,528
"321",425,529
"322",426,530
"323",427,531
"324",428,532
"325",429,533
"326",430,534
"327",431,535
"328",432,536
"329",433,537
"330",434,538
"331",435,539
"332",436,540
"333",437,541
"334",438,542
"335",439,543
"336",440,544
"337",441,545
"338",442,546
"339",443,547
"340",444,548
"341",445,549
"342",446,550
"343",447,551
"344",448,552
"345",449,553
"346",450,554
"347",451,555
"348",452,556
"349",453,557
"350",454,558
"351",455,559
"352",456,560
"353",457,561
"354",458,562
"355",459,563
"356",460,564
"357",461,565
"358",462,566
"359",463,567
"360",464,568
"361",465,569
"362",466,570
"363",467,571
"364",468,572
"365",469,573
"366",470,574
"367",471,575
"368",472,576
"369",473,577
"370",474,578
"371",475,579
"372",476,580
"373",477,581
"374",478,582
"375",479,583
"376",480,584
"377",481,585
"378",482,586
"379",483,587
"380",484,588
"381",485,589
"382",486,590
"383",487,591
"384",488,592
"385",489,593
"386",490,594
"387",491,595
"388",492,596
"389",493,597
"390",494,598
"391",495,599
"392",496,600
"393",497,601
"394",498,602
"395",499,603
"396",500,604
"397",501,605
"398",502,606
"399",503,607
"400",504,608
"401",505,609
"402",506,610
"403",507,611
"404",508,612
"405",509,613
"406",510,614
"407",511,615
"408",512,616
"409",513,617
"410",514,618
"411",515,619
"412",516,620
"413",517,621
"414",518,622
"415",519,623
"416",520,624
"417",521,625
"418",522,626
"419",523,627
"420",524,628
"421",525,629
"422",526,630
"423",527,631
"424",528,632
"425",529,633
"426",530,634
"427",531,635
"428",532,636
"429",533,637
"430",534,638
"431",535,639
"432",536,640
"433",537,641
"434",538,642
"435",539,643
"436",540,644
"437",541,645
"438",542,646
"439",543,647
"440",789,1138
"441",790,1139
"442",791,1140
"443",792,1141
"444",793,1142
"445",794,1143
"446",795,1144
"447",796,1145
"448",797,1146
"449",798,1147
"450",799,1148
"451",800,1149
"452",801,1150
"453",802,1151
"454",803,1152
"455",804,1153
"456",805,1154
"457",806,1155
"458",807,1156
"459",808,1157
"460",809,1158
"461",810,1159
"462",811,1160
"463",812,1161
"464",813,1162
"465",814,1163
"466",815,1164
"467",816,1165
"468",817,1166
"469",818,1167
"470",819,1168
"471",820,1169
"472",821,1170
"473",822,1171
"474",823,1172
"475",824,1173
"476",825,1174
"477",826,1175
"478",827,1176
"479",828,1177
"480",829,1178
"481",830,1179
"482",831,1180
"483",832,1181
"484",833,1182
"485",834,1183
"486",835,1184
"487",836,1185
"488",837,1186
"489",838,1187
"490",839,1188
"491",840,1189
"492",841,1190
"493",842,1191
"494",843,1192
"495",844,1193
"496",845,1194
"497",846,1195
"498",847,1196
"499",848,1197
"500",849,1198
"501",850,1199
"502",851,1200
"503",852,1201
"504",853,1202
"505",854,1203
"506",855,1204
"507",856,1205
"508",857,1206
"509",858,1207
"510",859,1208
"511",860,1209
"512",861,1210
"513",862,1211
"514",863,1212
"515",864,1213
"516",865,1214
"517",866,1215
